source_paper,star_name,source_id,ra,dec,pmra,pmdec,prot_days,age_gyr,age_err_lo_gyr,age_err_hi_gyr,age_method,parallax,parallax_error,bp_rp,bp_rp_0,ebpminrp_gspphot,ruwe,high_ruwe,phot_g_mean_mag,binary_type,twomass_id,k_m,k_cmsig,A_Ks,A_Ks_err,k_m_0,M_Ks,flag_outside_mann_range,mass_msun,mass_msun_err_lo,mass_msun_err_hi,tau_ce_days,rossby_number,tau_ce_err_days
Feinstein2024,TIC 55341062,1006888463311274880,96.6333266302582,62.104063771081776,3.3001854634997363,-30.081159163502296,0.549985665973552,0.126,0.025,0.025,association,4.538094322979264,0.027318584,2.0026674,0.8627674000000001,1.1399,1.2416321,True,14.695897,none,06263198+6206152,11.448,0.022,0.0321611889876354,0.0018123850230125,11.415838811012366,4.700206402652604,False,0.6451511274060983,0.01579116034421313,0.015875002627876222,39.1980898363184,0.014030930289464541,2.0420385648810035
Feinstein2024,TIC 28832999,111019720578786560,49.45477887173658,24.347828881171093,21.14285608384159,-43.104723136131696,2.272875510523652,0.1274,0.008150000000000001,0.008150000000000001,association,7.173917494695718,0.054263644,2.5800562,2.5800562,,2.5052652,True,14.441338,none,03174912+2420529,10.767,0.021,0.0076702966752516,0.0005518273505733,10.759329703324747,5.038111591645324,False,0.5962462169721257,0.014741615764473082,0.01486108150204657,44.71897475737773,0.050825751772152906,2.618512292737175
Feinstein2024,TIC 71267949,1110233897668770944,113.53782761012197,70.31053703113102,-2.931380478914596,-26.31092993306553,2.54901335214427,0.126,0.025,0.025,association,4.095133593290553,0.06363635,2.1866846,1.9505846,0.2361,2.4617414,True,15.649381,none,07340909+7018384,12.289,0.021,0.0022430122194091,0.0001801388335473,12.28675698778059,5.348097358168198,False,0.549231045060163,0.014163399311669544,0.014319209260094112,58.60859983079758,0.04349213868789299,4.102848434529141
Feinstein2024,TIC 405415372,117989868383363072,51.84138644676021,27.363696847276795,19.62617749033967,-31.96493650256129,4.316715171790894,0.1274,0.008150000000000001,0.008150000000000001,association,5.530445284368273,0.022873582,1.7965002,1.5439002000000002,0.2526,1.1669757,False,14.249639,none,03272190+2721498,11.267,0.018,0.0170265198698991,0.0008731761118989,11.2499734801301,4.963773980015819,False,0.6071787007354812,0.014828580773511013,0.014868242374176055,42.90853838527583,0.10060270832418251,2.4271874639686906
Feinstein2024,TIC 405415610,118159193173934848,51.839377765751806,27.864242661131392,21.226976361776952,-43.200279425858376,2.5172868880730457,0.1274,0.008150000000000001,0.008150000000000001,association,7.182693558081195,0.040291157,2.5670366,2.2303366,0.3367,1.1492255,False,15.232319,none,03272142+2751520,11.573,0.024,0.0082277147549081,0.0005299357762803,11.564772285245093,5.846208975845871,False,0.4692941852215022,0.011328119699947181,0.011512189719579125,74.76175304929089,0.0336707846646317,5.468822684731223
Feinstein2024,TIC 34942528,122143479715593472,47.65902862353859,29.571567259074268,23.311084902129803,-44.28396040021544,0.632240506276581,0.1274,0.008150000000000001,0.008150000000000001,association,7.3352914809657905,0.04392228,2.9892435,2.5053435000000004,0.4839,1.1416681,False,15.692155,none,03103812+2934184,11.741,0.018,0.0050525581288694,0.0004009273467996,11.73594744187113,6.063034321833674,False,0.4336125020521622,0.010225825141307987,0.010324292982944738,80.91684339600204,0.007813459840276208,5.914843724347973
Feinstein2024,TIC 35118678,122293563052804352,49.14872445592454,29.75539958204521,21.137467843048874,-40.45831980234093,0.4379375835392512,0.1274,0.008150000000000001,0.008150000000000001,association,6.746612791814721,0.09465671,2.9817,2.5828,0.3989,0.9852221,False,16.746134,none,03163566+2945201,12.816,0.025,0.0091391653150506,0.0009335355846265,12.80686083468495,6.952289761774015,False,0.2954453462100314,0.00842985527960366,0.008593460653019858,237.7283764386466,0.0018421763110483154,49.03772042594554
Feinstein2024,TIC 35024972,122441859683763712,48.54405888589284,29.36329180042009,24.17739055305371,-46.22855362332063,0.4352062734413459,0.1274,0.008150000000000001,0.008150000000000001,association,7.581364985713787,0.035622384,2.6238356,2.2710356000000003,0.3528,0.94747555,False,15.269166,none,03141053+2921487,11.586,0.02,0.0040070324378042,0.0002349141403893,11.581992967562195,5.98072999334407,False,0.4471223531685946,0.010532066119245453,0.010692024058765626,78.58639407841744,0.005537934123902863,5.745970585392567
Feinstein2024,TIC 138113699,124725270456747392,51.28114057432227,32.659839503677254,22.57595934197765,-24.7975415627653,2.424425218752869,0.079,0.0019,0.0019,association,5.560410435623642,0.055547487,2.8807259,2.3530259,0.5277,1.0568122,False,16.051296,none,03250744+3239358,12.055,0.02,0.0256172778807469,0.0013138235821923,12.029382722119253,5.754916970809845,False,0.48419790664053014,0.011884237406065201,0.012021981464698406,72.19086110450856,0.033583547580116835,5.282526166993374
Feinstein2024,TIC 138020975,125547361557297664,50.8759478926028,33.05955577223224,19.624601978871176,-31.45834460248405,2.6701720252684176,0.1274,0.008150000000000001,0.008150000000000001,association,5.520630932264253,0.047657575,2.3861923,2.0352923,0.3509,0.9187249,False,15.434045,none,03233019+3303350,11.877,0.021,0.0210559065145348,0.0010798805557492,11.855944093485466,5.565887665774948,False,0.514893548259499,0.012576249139795048,0.012678501570563161,66.89586292523644,0.03991535363334249,4.898830646756263
Feinstein2024,TIC 137993730,125673496156604928,50.663060703563445,34.06074471846732,17.599642456856184,-27.947110957553647,6.272886492393754,0.1274,0.008150000000000001,0.008150000000000001,association,4.899834332034394,0.02657189,1.8603325,1.8603325,,0.9929005,False,14.643967,none,03223910+3403391,11.594,0.02,0.0133141651637123,0.0006828213740863,11.580685834836288,5.031592816713953,False,0.5972273953268423,0.014588473135305868,0.014756791229632471,44.429106637727145,0.1411886703809414,2.5875350903954057
Feinstein2024,TIC 77452603,130054431520892032,42.4151556864037,30.384297285727428,33.79058496575695,-42.87486679815271,1.38687612155976,0.1274,0.008150000000000001,0.008150000000000001,association,8.369636472978865,0.037479572,2.6287842,2.2989842,0.3298,1.1082249,False,15.312849,none,02493958+3023042,11.648,0.018,0.0022592623522698,0.0001191830627971,11.64574073764773,6.259273713869771,False,0.40148596018579386,0.00941561911837785,0.00951272635555006,112.2325124560115,0.012357168980809668,8.28674564883922
Feinstein2024,TIC 269911083,136887655766542848,44.60770756679327,33.50346680911714,16.965545775888636,-31.61227341750732,1.6069004208478943,0.1274,0.008150000000000001,0.008150000000000001,association,5.353585244277097,0.042869408,2.426031,2.110731,0.3153,1.0438324,False,15.654179,none,02582582+3330129,12.101,0.023,0.0087749902764797,0.0004503548555408,12.09222500972352,5.735448621061554,False,0.48743227453368587,0.011858206401473281,0.012043073159320572,71.6329326429392,0.022432425444001213,5.242096568328927
Feinstein2024,TIC 467605403,137637831934716288,48.47086906958411,34.77435000583428,19.83702079357076,-35.087716966683985,3.738113611468474,0.1274,0.008150000000000001,0.008150000000000001,association,5.941317978182313,0.08045454,1.632823,1.632823,,4.1607275,True,13.656409,none,03135299+3446280,10.927,0.02,0.0130970759794782,0.0006790599188801,10.91390292402052,4.783316905794916,False,0.6332422488098581,0.015961774857962574,0.016082859203226718,40.36175740200815,0.09261523412462928,2.162828619214296
Feinstein2024,TIC 137961648,138119761624769920,50.15142720628327,35.676889875140475,17.52338453511715,-28.0525832744848,5.828574850835036,0.1274,0.008150000000000001,0.008150000000000001,association,4.881510785391345,0.03275588,1.885251,1.885251,,1.1752969,False,14.682361,none,03203631+3540373,11.625,0.018,0.0186716162420391,0.0009575730021872,11.60632838375796,5.049099649730223,False,0.5945931909918656,0.014502951899709404,0.014794545567096251,45.20732586126027,0.12892987452349497,2.6707006843996717
Feinstein2024,TIC 17336502,145260574251299200,65.93794174930463,21.03860017253916,13.322660268012497,-38.46689916490579,0.7325538445368436,0.1274,0.008150000000000001,0.008150000000000001,association,6.174160148802428,0.07751642,3.1124134,2.4836134,0.6288,0.9715997,False,16.771202,none,04234508+2102197,12.679,0.025,0.0378876636048503,0.0019780084024628,12.64111233639515,6.594001787716021,False,0.34823690856036854,0.009445521084716413,0.009633485965027722,176.81480471514902,0.0041430571705632765,25.770671035477477
Feinstein2024,TIC 118679341,146764809236423808,69.75684709577561,23.60072493439916,7.932523978996187,-21.593136773853185,2.334891868333597,0.0045,0.0009,0.0009,association,7.889087955780814,0.02694817,3.1112623,2.5500623,0.5612,1.2128042,True,14.34845,none,04390163+2336029,10.185,0.018,0.0030119637094127,0.0001693536731771,10.181988036290587,4.66712202656662,False,0.6498311594904673,0.015620885612917967,0.015829387595877265,38.74078384407434,0.06026960832106999,1.9945696680252603
Feinstein2024,TIC 118679380,146767935972608128,69.77387281053254,23.63636469688725,8.436753427013725,-22.32903365989565,5.5737051219518365,0.0045,0.0009,0.0009,association,7.916377024819297,0.034938704,3.382515,3.382515,,1.0318458,False,14.838965,none,04390571+2338112,10.475,0.017,0.0030044893537507,0.0001975780725827,10.471995510646249,4.964627859174136,False,0.6070737468593608,0.014758485415468203,0.014885846367476474,42.91879387831389,0.12986630373991315,2.428251996140769
Feinstein2024,TIC 118710667,146874275068113664,70.00283671430812,23.972431335300765,7.950696342276189,-21.0341009313852,10.326570595694095,0.0045,0.0009,0.0009,association,7.914477518747339,0.0740247,3.8545256,3.8545256,,0.95804274,False,16.328197,none,04400067+2358211,11.485,0.021,0.0028725441680267,0.0002651969406389,11.482127455831973,5.974238704878411,False,0.44818590537891057,0.01104485195916427,0.011185730687190643,78.40293132213793,0.1317115370758883,5.732676182763618
Feinstein2024,TIC 150059917,146881048231272192,69.8902066356562,23.98913430861268,7.773581852080031,-21.12006919520145,2.342113200326549,0.0045,0.0009,0.0009,association,7.867153401972911,0.04733021,3.2498522,2.7368522,0.513,1.1085439,False,14.978098,none,04393364+2359212,10.277,0.018,0.0031671957102855,0.0002098882269225,10.273832804289714,4.7529208971849535,False,0.6375518973223699,0.015409822592312494,0.015657513693359104,39.94064317592842,0.058639846885042216,2.119116470015962
Feinstein2024,TIC 118521012,147523609698860160,68.98731321918493,23.86305147598553,8.584753022087137,-21.09419270889554,5.016511690519324,0.0045,0.0009,0.0009,association,7.832410677864724,0.037025485,3.4153357,3.4153357,,1.3150539,True,14.467099,none,04355694+2351472,10.078,0.018,0.003621334865397,0.0002343168244946,10.074378665134603,4.543855919206122,False,0.6674404212538383,0.016102529516334507,0.01630272267662758,37.02010740891066,0.1355077562338963,1.815961441568212
Feinstein2024,TIC 150094956,148589276984170496,70.20782554653533,26.778912958137024,16.200567713396225,-22.81441548576704,3.4402279862097784,0.079,0.0019,0.0019,association,5.388304176992099,0.049018696,2.9390297,2.2238297,0.7152,1.039238,False,16.033718,none,04404986+2646444,11.946,0.02,0.0766448978293827,0.0039820806013903,11.869355102170617,5.526615623413145,False,0.521159093470886,0.012696473097584704,0.012888768818772989,65.81505637627218,0.0522711393961528,4.820511331613925
Feinstein2024,TIC 268513263,151574107455728256,68.88195711816647,27.25210466471861,8.98844138253678,-27.269390055411996,2.0568319753690014,0.0045,0.0009,0.0009,association,7.869157482842466,0.023509385,2.7372236,2.3196236,0.4176,1.221917,True,13.854546,none,04353164+2715081,10.026,0.018,0.004041773304339,0.0002468307774482,10.021958226695661,4.501599410638738,False,0.6736377170500185,0.01626784812020965,0.01645243999768209,36.51050951709868,0.05633534022322371,1.780905707374954
Feinstein2024,TIC 268322118,151793868047070848,67.88018752490731,27.24543947322643,18.048659560828664,-25.039728774653017,6.11108768408335,0.079,0.0019,0.0019,association,5.769476947709697,0.05743709,3.2783327,1.4026327,1.8757,1.0818958,False,16.163517,none,04313121+2714440,10.874,0.018,0.1422335741246137,0.0073455041601207,10.731766425875387,4.5374486380838075,False,0.6683592191042124,0.016297507375877873,0.01657406249750948,36.93032773324554,0.16547612921891314,1.8066422062287035
Feinstein2024,TIC 268326359,151795487250202240,67.99668838612448,27.188505849856952,8.799793636216654,-27.0101210632526,1.40715324108206,0.0045,0.0009,0.0009,association,7.765811547716716,0.043571725,3.2867842,2.6405842,0.6462,1.1286811,False,15.320216,none,04315919+2711190,11.129,0.019,0.0057593116400622,0.000506170619525,11.123240688359937,5.574174925114578,False,0.5135302940228506,0.012262306839067594,0.012402162970081121,67.13102428105829,0.02096129555823123,4.915871324714368
Feinstein2024,TIC 58601266,152029992465874560,66.0871201152947,26.514063090317865,9.621886131283205,-27.205623159721306,2.82167762801018,0.0045,0.0009,0.0009,association,7.7867663539226335,0.13498652,3.811184,3.3085839999999997,0.5026,1.0236251,False,17.60237,none,04242090+2630511,12.433,0.018,0.0057695491632272,0.001394429738675,12.427230450836772,6.8840161691072606,False,0.30510929649684404,0.008880509253133051,0.009027850485592737,233.1017294095564,0.012104919320665068,47.129620909937984
Feinstein2024,TIC 58606664,152118881108855680,66.18781424560488,27.02898385157661,8.419223921535403,-26.770808579368097,0.993889247316236,0.0045,0.0009,0.0009,association,7.754883485289298,0.025664,3.0774097,2.5091096999999998,0.5683,1.0637792,False,14.545328,none,04244506+2701447,10.458,0.022,0.0067168609795884,0.0004047389720608,10.451283139020411,4.899159524316527,False,0.6165427829901491,0.0150605996480776,0.015274870801307183,41.993533776391146,0.023667673518702602,2.3322089153856305
Feinstein2024,TIC 268080407,152178976290554496,67.0653228938789,27.186281176006496,8.690875682796444,-26.65733369111901,1.3935402902642706,0.0045,0.0009,0.0009,association,7.639639162613028,0.05798964,3.6406603,3.6406603,,1.2563155,True,15.536402,none,04281566+2711110,11.085,0.02,0.0079093653558278,0.0009300497399127,11.077090634644174,5.492454866405577,False,0.526588635800421,0.012764993069892316,0.012951005057524778,64.87846032442738,0.021479244163560843,4.752642052494737
Feinstein2024,TIC 268018471,152466120624336896,66.68544312746994,27.945255838327675,9.617240631685725,-25.045511029195744,2.0417531655320094,0.0045,0.0009,0.0009,association,7.436341230429992,0.09042982,4.0332804,4.0332804,,1.0796521,False,16.544521,none,04264449+2756433,11.606,0.018,0.0118088046504201,0.0011677042894629,11.59419119534958,5.950987745209201,False,0.45201885377617596,0.011359991226567612,0.011491340102881609,77.74174772360965,0.02626327842269415,5.684764327797801
Feinstein2024,TIC 58538719,152516079683687680,65.77537447008588,28.02197987319352,8.800101653321983,-26.32167152089015,2.46714705237772,0.0045,0.0009,0.0009,association,7.718351729807152,0.08209536,3.8991375,3.8991375,,1.0355937,False,16.181484,none,04230607+2801194,11.202,0.017,0.0067780439652027,0.0009073452113406,11.195221956034798,5.632844784735504,False,0.5040725191725011,0.012255158198387794,0.012453611813980192,68.76249044274357,0.03587925679381898,5.0340935103437365
Feinstein2024,TIC 58638214,152917298349085824,66.3146767426283,28.490871731835476,10.945031835938591,-25.22777721375341,0.758276766460778,0.0045,0.0009,0.0009,association,7.201759924829643,0.073901854,4.061904,4.061904,,1.3716875,True,15.225758,none,04251550+2829275,10.328,0.017,0.0141646827924273,0.0024131088755443,10.313835317207571,4.601028516199824,False,0.6592810118288752,0.016125897701278147,0.01631067905864292,37.81739827272134,0.020051003006405718,1.8987211657356946
Feinstein2024,TIC 56659140,162967384383246336,63.99170918430373,27.77137256330591,8.940077511223224,-24.43752872380669,4.39776926861564,0.0045,0.0009,0.0009,association,7.509661140054687,0.05313728,3.8551054,3.8551054,,1.0271418,False,15.669778,none,04155799+2746175,10.524,0.021,0.0079722015964915,0.0006664430664254,10.516027798403508,4.894129501850038,False,0.6172767987372112,0.01515710199814535,0.015325667868905657,41.92180995196394,0.10490408867495987,2.3247638985225723
Feinstein2024,TIC 22998652,163355546348513152,60.163539103446325,26.73850580231863,18.14682605149628,-45.87143620894411,0.5206181967557426,0.1274,0.008150000000000001,0.008150000000000001,association,7.2464846919275585,0.027860321,2.333519,2.0123189999999997,0.3212,1.0153785,False,14.682872,none,04003922+2644194,11.17,0.018,0.0063345606341914,0.0004360140731467,11.163665439365808,5.464302334884092,False,0.5310754790171606,0.01257633142841108,0.01272492292621008,63.97227277035886,0.008138185095042733,4.676045591029646
Feinstein2024,TIC 348867108,163511608280866816,61.38401553466745,27.55374555974185,11.31260617248056,-25.222299095569223,1.7086545741646049,0.0045,0.0009,0.0009,association,7.605549934536042,0.035532296,3.249957,2.6140570000000003,0.6359,1.2497193,True,14.682878,none,04053214+2733139,10.477,0.02,0.0037211962733074,0.000255377428857,10.473278803726693,4.878931914014668,False,0.6195024212668785,0.015134781902015781,0.015287631941567459,41.70433483620787,0.040970670815762396,2.3021897271502323
Feinstein2024,TIC 58231838,164409359522965120,64.6263027795759,27.722285954427875,8.799644487816703,-26.569193810625748,1.55202971292229,0.0045,0.0009,0.0009,association,7.810781110517617,0.043301746,3.6604977,3.6604977,,1.0311905,False,15.526232,none,04183030+2743208,11.007,0.021,0.0053685612542158,0.0004464505914169,11.001631438745784,5.465103775241559,False,0.5309226450750208,0.012834606193311782,0.012959382309868595,64.017424283551,0.024243863765088677,4.6808707769171995
Feinstein2024,TIC 58108762,164474986623118592,64.05049393377813,27.94391103430514,8.734824949478167,-24.98964036110145,7.10351358029324,0.0045,0.0009,0.0009,association,7.425961988233709,0.09885056,4.123047,2.5209469999999996,1.6021,0.87999624,False,16.127575,none,04161210+2756385,10.335,0.018,0.0096003211711361,0.0018992936971191,10.325399678828864,4.679163288047544,False,0.6480890271272912,0.016070993873444017,0.016345652951810785,38.911015063561834,0.1825579098537914,2.0122398677089035
Feinstein2024,TIC 58431454,164530511961426176,65.41731176595617,28.239485664500904,8.849142187100417,-25.78871387422912,1.96705865768095,0.0045,0.0009,0.0009,association,7.97816497699791,0.050120894,3.6096258,3.6096258,,1.0533283,False,15.483938,none,04214013+2814224,11.029,0.022,0.0040843991846413,0.0003468314214633,11.024915600815358,5.534430664080698,False,0.519912113014358,0.012532392137579285,0.012659781555147798,66.03016050502325,0.029790305560915695,4.8360985873205244
Feinstein2024,TIC 239701557,166131847568904448,65.04924968003763,30.70386623045521,19.45692587343091,-25.05929658221907,4.045288317136394,0.079,0.0019,0.0019,association,5.871084177619717,0.029182712,2.3129253,1.8880252999999998,0.4249,1.0942091,False,14.577362,none,04201179+3042143,10.967,0.019,0.0500072688558306,0.0026367256444963,10.91699273114417,4.760584267092838,False,0.6364626146407382,0.015395803307448941,0.01563497556940907,40.04708165510502,0.10101331108157588,2.1301649086439416
Feinstein2024,TIC 94608039,168534933310539776,59.43053465667969,31.15447275263379,19.082050372208627,-25.57649078527129,3.37317122199323,0.079,0.0019,0.0019,association,5.504895624245669,0.03803424,2.7802114,2.1160114,0.6642,1.0350441,False,15.838585,none,03574330+3109165,11.89,0.021,0.0635053391083347,0.0032568316181609,11.826494660891665,5.530240105546879,False,0.5205568185770775,0.012585849767596136,0.01277243850371479,65.91894879545414,0.051171495960291295,4.828039767786532
Feinstein2024,TIC 94338761,168744115397150592,58.35534732092172,32.057376590418215,26.931932516794017,-34.149077781440944,1.35300203425347,0.079,0.0019,0.0019,association,7.406938104177056,0.04736986,2.8863401,2.4318401,0.4545,1.1171056,False,15.748032,none,03532524+3203271,11.858,0.02,0.0106259592417533,0.0011306881873596,11.847374040758247,6.1955676182577,False,0.41184791515426833,0.009899597737037524,0.01000684020327558,101.07890412794558,0.013385602524349111,7.441210123411704
Feinstein2024,TIC 467761286,169868125520651776,62.60243525960574,33.373625663800006,19.46485877601964,-23.71890912482167,3.596590937338346,0.079,0.0019,0.0019,association,5.54457359669656,0.021585014,2.092636,1.3672360000000001,0.7254,1.0116733,False,14.309772,none,04102456+3322253,11.008,0.022,0.0357113807267192,0.0018320671915155,10.97228861927328,4.69162938186839,False,0.6462689122666487,0.01563506302737072,0.01596117593651869,39.08886628708747,0.09201062294626938,2.0307010327239916
Feinstein2024,TIC 349448154,170677640956492160,61.5304771728411,33.76319353825702,18.94656581902449,-23.17977675819298,1.1284766801367372,0.079,0.0019,0.0019,association,5.377658248404875,0.05350739,2.9019547,2.4030547,0.4989,1.042835,False,16.285429,none,04060729+3345478,12.309,0.026,0.0245481707278641,0.0012592885639789,12.284451829272134,5.937417825450893,False,0.45428165907065027,0.011471940186815854,0.01160923138936193,77.35141381031283,0.014588959975625987,5.656479261616871
Feinstein2024,TIC 171007095,171150117419371904,67.60784874646188,30.28942912101726,17.424474031482475,-23.179372356825382,1.8750330222988805,0.079,0.0019,0.0019,association,5.483491064926882,0.07822961,3.1967735,2.4017735,0.795,0.95835495,False,16.701153,none,04302586+3017223,12.446,0.024,0.057332101803477,0.0030781539360843,12.388667898196523,6.083953598923742,False,0.4300949885855786,0.011447438988928471,0.011628170458220233,81.5236144689877,0.022999875980868827,5.958812642680267
Feinstein2024,TIC 349583705,173117525974708096,66.92682044607213,33.80543774939944,20.57677361593661,-32.40876837862383,1.1166096389696103,0.079,0.0019,0.0019,association,6.878723224878241,0.054708753,2.8922195,2.4124195,0.4798,1.0606319,False,16.007053,none,04274240+3348200,12.106,0.02,0.0097451638186352,0.0009293334821674,12.096254836181364,6.28379401293488,False,0.39742831049743654,0.00966571524073312,0.009855229041814406,116.60016658055932,0.009576398316705167,8.617849863409177
Feinstein2024,TIC 239676075,176126683141831296,65.11955549761407,35.08549917834292,19.63260300444805,-29.91645513232892,2.794640103493215,0.079,0.0019,0.0019,association,6.101479355151586,0.027737634,2.3315268,1.9568267999999998,0.3747,1.053865,False,14.750884,none,04202866+3505083,11.208,0.022,0.0304894440793921,0.0016045764209941,11.177510555920609,5.104686286618687,False,0.5863816705225238,0.014391682811499051,0.014497847011410658,47.6332436227744,0.05866995171743967,2.9299501163603203
Feinstein2024,TIC 270162456,176490587130871808,65.2415439260907,35.12474414177421,19.473095331063995,-29.93754435955025,2.2920504923381584,0.079,0.0019,0.0019,association,6.163849678571544,0.030415755,2.3702135,1.9259135000000003,0.4443,1.1229066,False,14.800877,none,04205793+3507296,11.159,0.02,0.0304536557336512,0.0016297123028697,11.128546344266349,5.077806538168808,False,0.5904159565015014,0.014457228575172287,0.014595755613631134,46.44140027927074,0.049353604296062156,2.8025819447383133
Feinstein2024,TIC 238859798,177998876564778112,67.46881663486268,36.49919900102605,17.3446458656609,-29.020793231195917,2.1957771003437365,0.079,0.0019,0.0019,association,5.70294511149967,0.025397444,2.2342796,2.2342796,,1.0776572,False,14.687588,none,04295249+3629575,11.148,0.018,0.0410674159588789,0.0022172583132487,11.10693258404112,4.887428542538689,False,0.6182493498230774,0.015031462551530317,0.015201390593099884,41.82677781728786,0.05249692218548513,2.3148994517945
Feinstein2024,TIC 155662476,178581445929766656,68.86666526926322,38.3154253526624,19.69708362679752,-35.16996737585142,1.338604216300038,0.079,0.0019,0.0019,association,6.840921620972531,0.040188506,2.8277674,2.3501674,0.4776,1.0491732,False,15.70923,none,04352796+3818561,11.865,0.018,0.013534317402913,0.0010510843800353,11.851465682597087,6.027038755481328,False,0.43953555454320314,0.010376024958034968,0.01047124994883919,79.89511684129747,0.01675451853908697,5.84080556820996
Feinstein2024,TIC 155973055,178657174793130496,69.75562849818705,38.81649443996793,17.06713714071126,-31.96005746181067,3.5191618754660947,0.079,0.0019,0.0019,association,6.335886945288085,0.02439556,2.368249,2.0196490000000002,0.3486,1.0783664,False,14.677432,none,04390132+3848599,11.085,0.02,0.0210143531812792,0.0011361711534913,11.063985646818722,5.07302274329631,False,0.5910982408867338,0.01444716796270118,0.014529989614759597,46.2398339780335,0.07610671520009983,2.7810412520045467
Feinstein2024,TIC 328417482,2005674552440181632,331.83595987762413,54.78726679193725,25.424878997619963,1.779897318586204,1.313307222002774,0.16219999999999998,0.0485,0.0485,association,7.448081258419576,0.013603464,1.7892513,1.2165513000000001,0.5727,1.3205684,True,13.239937,none,22072057+5447141,10.241,0.026,0.0024663165788642,0.0001264851450049,10.238533683421135,4.598755714137944,False,0.6596104891381316,0.01605474550753505,0.016236262918870703,37.78520363278829,0.03475718259364217,1.8953793244560941
Feinstein2024,TIC 345521596,2011423520771256192,355.9967073044341,59.08176374642351,23.815483013125878,-2.9998964708995457,4.410999632908823,0.079,0.0019,0.0019,association,4.908341627878023,0.016970087,1.8521872,1.6038872,0.2483,1.0325183,False,14.518552,none,23435915+5904544,11.462,0.021,0.0075505158574255,0.0003877246627575,11.454449484142573,4.909123397386928,False,0.6151435983248458,0.015085683177231357,0.015170703833742971,42.13025410654364,0.10469909869885427,2.3464006455622783
Feinstein2024,TIC 90505658,2024060998210085632,290.5817462204696,26.18623016506702,0.7415391896519115,-10.06085282402693,2.50343348828776,0.16219999999999998,0.0485,0.0485,association,8.538094484616014,0.01633775,2.460393,2.175693,0.2847,1.0732152,False,14.297933,none,19221961+2611106,10.753,0.018,0.0032425700917299,0.000166290336672,10.74975742990827,5.406562212419091,False,0.5401994632820966,0.01286498794184232,0.012951003750365953,61.276787133232055,0.04085451612932363,4.387988373522381
Feinstein2024,TIC 103617858,2059315807751116032,300.06635859931174,34.86728823818116,8.0128531276275,-3.453792589088236,0.9581976502637086,0.16219999999999998,0.0485,0.0485,association,9.101996353176096,0.017782094,2.8539124,2.4309124,0.423,1.0822656,False,14.633678,none,20001591+3452022,10.819,0.019,0.0027469223919912,0.0001408679755311,10.81625307760801,5.611936363433616,False,0.5074919095077289,0.01193796298180555,0.012087303510683656,68.17264560991677,0.014055456432577173,4.9913511311533885
Feinstein2024,TIC 188555157,2071438919870108672,308.54885077737225,46.771197327619895,11.123120268983238,3.166096601431006,1.1599835450314704,0.16219999999999998,0.0485,0.0485,association,6.374643402231603,0.022396754,2.5680218,2.2493217999999997,0.3187,1.128567,False,15.248118,none,20341170+4646163,11.609,0.016,0.0021587637391462,0.0001107160208616,11.606841236260854,5.629120712947945,False,0.5047502637209311,0.011802009209037678,0.011906610355703062,68.64557950813939,0.01689815357875928,5.025621703488361
Feinstein2024,TIC 239224935,2073339803682617344,296.80024726759,40.06363666533922,9.123105977486944,5.998668153455155,0.5301495780985296,0.16219999999999998,0.0485,0.0485,association,9.479479511256685,0.035494,2.336626,2.067226,0.2694,2.8825011,True,14.025615,none,19471204+4003489,10.606,0.017,0.0037515707001698,0.0001923885119447,10.60224842929983,5.486170890465516,False,0.5276090932855437,0.012471849313129169,0.012623398631726346,64.70243140824371,0.008193657742991455,4.739886333930704
Feinstein2024,TIC 272272903,2079702883620012416,296.21108585708055,44.68946514227555,5.468718846101862,1.0009644917695408,1.1569555312185211,0.16219999999999998,0.0485,0.0485,association,6.012827751118471,0.032384936,2.8179836,2.4445835999999996,0.3734,1.0010688,False,16.105694,none,19445065+4441220,12.325,0.019,0.003033271532199,0.0001555544537025,12.3219667284678,6.2173605426310665,False,0.4083081241682689,0.009690285404012344,0.009809010562617959,104.88913514527538,0.011030270481457344,7.730057067869257
Feinstein2024,TIC 275751715,2081492819833168512,305.13661351305973,45.38835656729525,7.128814414213956,1.258206870317299,6.911598834436676,0.16219999999999998,0.0485,0.0485,association,5.043704174343464,0.012803421,1.6939812,1.6939812,,1.0227625,False,13.942711,none,20203277+4523181,11.14,0.026,0.0027786476594158,0.0001425062814301,11.137221352340585,4.650969383382417,False,0.6521540577526509,0.015931555069943815,0.016019922366892758,38.51380349959812,0.17945770623534485,1.9710088427945411
Feinstein2024,TIC 185188499,2082241759050306944,301.3738910987274,45.648109352461645,9.11383258077767,4.2010032359346745,7.006107394685611,0.16219999999999998,0.0485,0.0485,association,7.959394601876228,0.009337172,1.6103764,1.4906764000000001,0.1197,0.9419552,False,12.7532425,none,20052971+4538530,10.03,0.015,0.0029153277707651,0.0001495040142525,10.027084672229234,4.531484853214531,False,0.6692895789633468,0.016108106229447916,0.016231070863264252,36.83941828415297,0.19017964237777865,1.7972056990860539
Feinstein2024,TIC 185105411,2082337244765136896,301.1107156691046,46.1781077996327,6.791776714607583,1.320942738006924,3.4741627880748367,0.16219999999999998,0.0485,0.0485,association,5.657617491603049,0.018154144,2.3421183,2.0442183000000003,0.2979,1.0612837,False,15.00829,none,20042656+4610411,11.553,0.022,0.0025922696716591,0.0001329426475748,11.550407730328342,5.313575638844448,False,0.5546805587514254,0.013438682270229374,0.013552615873365426,56.99865778600747,0.06095165961833762,3.9307995022764266
Feinstein2024,TIC 187936071,2083488948836309504,307.50993217348605,46.91539669824149,10.311150503519835,2.800071954449474,0.7460903245169853,0.16219999999999998,0.0485,0.0485,association,6.394558396984201,0.016183415,2.4151316,2.1235316,0.2916,1.1960346,False,14.101107,none,20300236+4654553,10.558,0.018,0.0021817007082723,0.0001118836965171,10.555818299291728,4.584871088419755,False,0.661580512004063,0.015831912057740927,0.016104212168358112,37.592704255602996,0.019846678745006337,1.8753976639587902
Feinstein2024,TIC 295802301,2084478371858053760,303.85986728634015,48.55810779807165,10.24357761066273,4.849507699348663,0.3651255176181559,0.16219999999999998,0.0485,0.0485,association,7.153438908238262,0.020731239,2.560112,2.2468120000000003,0.3133,1.0952244,False,15.002707,none,20152635+4833291,11.399,0.024,0.0031758410810202,0.0001628641319045,11.395824158918979,5.668398521648534,False,0.49833018627392855,0.011910924820975333,0.012097907145804387,69.75304286774733,0.005234546087264446,5.105872671575893
Feinstein2024,TIC 353502339,2272973624497670400,325.25643433176134,72.50744774015907,52.06130217382381,11.345018779743391,4.50765137135104,0.133,0.0125,0.0125,association,9.89408381973744,0.009740013,2.1516075,1.9013075,0.2503,1.0666318,False,13.05203,none,21410138+7230265,9.818,0.021,0.0016021358050357,8.216130851995138e-05,9.816397864194965,4.793275790482557,False,0.6317830231936523,0.015357910094639604,0.015542206076591403,40.50434459079169,0.1112880955584161,2.1776293361786694
Feinstein2024,TIC 410193313,229132523811730048,65.12701623244853,42.21526808083272,20.902854278663032,-34.655343938807995,4.1285971170241975,0.079,0.0019,0.0019,association,6.723985130756058,0.020097215,2.1187906,2.1187906,,0.9913771,False,14.156959,none,04203045+4212555,10.851,0.02,0.0111970934599329,0.00059085171328,10.839802906540069,4.977936628445548,False,0.6051337239464039,0.014782651161538318,0.014836126459975896,43.10836183152282,0.09577253557348535,2.4479293714007606
Feinstein2024,TIC 424115613,231026428290980608,57.84708554623813,41.60414431196375,24.368089985880477,-31.26891491248028,3.139933585722072,0.079,0.0019,0.0019,association,6.860783440020224,0.057002697,1.899662,1.857662,0.042,3.982066,True,13.575583,none,03512326+4136154,10.46,0.019,0.0082471498320494,0.0004525105978277,10.451752850167951,4.6336214055607154,False,0.6546425696286939,0.01595692598011722,0.0161101531596054,38.27064033913906,0.08204549382757227,1.9457682223375332
Feinstein2024,TIC 149021888,2316506764470447360,4.382467186651025,-31.925636896394053,18.545363412466717,3.8978309406121343,5.030613223226094,0.1371,0.02,0.02,association,4.192209781256116,0.03343291,1.9544029,1.9544029,,1.0030836,False,15.313381,none,00173176-3155320,12.31,0.028,0.0021512384725087,0.0001111270192637,12.307848761527492,5.420063796198749,False,0.5380471432735071,0.013513972685734621,0.013603541301238198,61.91264395862677,0.08125340643807444,4.455940190936419
Feinstein2024,TIC 347718143,231659132813603968,58.54740066598569,42.79400181160692,25.40296650222874,-34.309720830440945,0.738165092913441,0.079,0.0019,0.0019,association,7.177164414926909,0.018000592,2.0269957,1.7922957000000002,0.2347,1.004935,False,13.847015,none,03541133+4247391,10.611,0.021,0.0090330130875014,0.0004905181570216,10.6019669869125,4.8817314628683,False,0.6191301041008989,0.015158213991222191,0.015212263009078075,41.74071554214074,0.0176845337538165,2.305966086976597
Feinstein2024,TIC 449923541,231889927176318720,59.31512660276849,44.309205673626096,19.521728899145764,-26.782261710179775,0.5177203959140002,0.079,0.0019,0.0019,association,5.473113074581431,0.024174294,2.06281,1.1495099999999998,0.9133,1.0109652,False,14.433742,none,03571560+4418336,11.2,0.024,0.0211310848106588,0.0010839251367151,11.17886891518934,4.870041019011197,False,0.6207362377663719,0.015216362519529736,0.015402003149590393,41.58377333825737,0.012450058144138972,2.289675302655371
Feinstein2024,TIC 70788212,2320523967641801088,1.9103929952958696,-30.840410187921357,18.40800219738437,3.059589730486727,2.33743379116527,0.1371,0.02,0.02,association,4.181905772663087,0.031320795,1.776082,1.638182,0.1379,0.9121673,False,14.870498,none,00073847-3050256,11.994,0.025,0.0021977141983545,0.0001130373963523,11.991802285801645,5.098673500814531,False,0.5872075044317792,0.014512213400508123,0.014766165849239288,47.389268690725814,0.049324116107803774,2.9038773600824004
Feinstein2024,TIC 70785954,2320540803913561088,1.5718916255913429,-30.57542939150684,18.54287264922426,2.725568709065516,5.96858480800374,0.1371,0.02,0.02,association,4.234868928498894,0.027713567,1.8071442,1.6133442,0.1938,1.1128573,False,14.928548,none,00061723-3034315,11.951,0.021,0.002171591440091,0.0001118811843631,11.94882840855991,5.0830282746791795,False,0.5896169059411083,0.014478398314286545,0.01464177551648671,46.67746264482687,0.12786866444346504,2.827809112430724
Feinstein2024,TIC 70775405,2320611584974584448,1.2191130992356558,-30.191157560921447,18.493836642507176,2.8489257524622564,1.75147754896739,0.1371,0.02,0.02,association,4.274100773933196,0.040112395,2.1144848,2.1144848,,1.0867395,False,15.538792,none,00045256-3011282,12.277,0.027,0.0021742243473006,0.0001124040788609,12.2748257756527,5.429049563959023,False,0.5366069024317577,0.013425409254799736,0.013606293908472678,62.33813225301789,0.028096407217632,4.501410651797365
Feinstein2024,TIC 70788006,2320697484320217728,1.740732778849895,-30.154751388483454,18.778214567827124,2.835818246775136,0.945355379531311,0.1371,0.02,0.02,association,4.216852058654309,0.03192388,1.7947531,1.6292531000000001,0.1655,1.0049803,False,14.853203,none,00065774-3009172,11.926,0.026,0.0021575071052444,0.0001110264673971,11.923842492894757,5.048784316753611,False,0.5946293240164298,0.014826609266311408,0.015040390329234543,45.196651133431885,0.020916491727238463,2.669559913195574
Feinstein2024,TIC 70788066,2320701019077983744,1.880944759613564,-30.08036874690118,19.115881947190758,2.7794019534475187,2.97739959541867,0.1371,0.02,0.02,association,4.190038733486235,0.03643252,2.1407232,2.1407232,,1.0994213,False,15.568479,none,00073140-3004493,12.348,0.023,0.0021804306126292,0.0001125817066207,12.345819569387372,5.456909757800693,False,0.5322431933062333,0.01305177468180152,0.013302930501747356,63.62729660610139,0.04679437527969968,4.63917918276035
Feinstein2024,TIC 70744325,2320788331468887040,0.7524016238612757,-30.262236416366264,18.09615211053381,2.198657874720883,1.14522353380589,0.1371,0.02,0.02,association,4.168088926971924,0.028457358,1.8859568,1.6816568,0.2043,1.0154676,False,15.092905,none,00030055-3015439,12.098,0.025,0.0022248604637074,0.0001145929343765,12.095775139536293,5.195460020265717,False,0.5726943013996186,0.01418946882524652,0.014365833032700559,51.67688352936981,0.02216123449385292,3.362079912954897
Feinstein2024,TIC 70744178,2320793691588062464,0.6012290844268573,-30.152475315783512,18.531158530705262,2.2979351306467493,5.96418490663833,0.1371,0.02,0.02,association,4.184169192038339,0.03610632,2.0111523,1.8332523,0.1779,1.0738038,False,15.300953,none,00022426-3009089,12.227,0.025,0.0022194713543704,0.0001143605284859,12.22478052864563,5.332826715880298,False,0.5516501683883694,0.013727417853657276,0.013857958850921115,57.893921681836005,0.10301918981089805,4.026473255167193
Feinstein2024,TIC 70763181,2320797539878825472,0.9934445271264144,-30.284111968128176,19.10398965298545,2.8369962574702408,3.72581287577052,0.1371,0.02,0.02,association,4.217239385246936,0.034833346,2.197753,1.979853,0.2179,1.2403442,True,15.025879,none,00035840-3017027,11.748,0.038,0.0021881296870609,0.000112475327507,11.745811870312938,4.870953139249085,False,0.6206366150185773,0.015970017967761985,0.016111656580701794,41.593507903899024,0.08957678886760254,2.2906857619544305
Feinstein2024,TIC 70763182,2320797539878825600,0.9950295769479226,-30.285486616743533,18.69087826619154,2.880835831231444,3.72598972313763,0.1371,0.02,0.02,association,4.153405004768024,0.050984118,2.3748178,2.1443178,0.2305,1.0180787,False,16.259392,none,00035878-3017077,12.847,0.035,0.0022180504357499,0.0001152422774929,12.844781949564249,5.936803358978203,False,0.4543083207933454,0.012334676828490265,0.012587044843514139,77.34681466314792,0.04817250379818016,5.656145990083183
Feinstein2024,TIC 70775478,2320808878592526336,1.2795766801342014,-29.990459535475924,17.25626112861462,4.087417545383756,3.61378073343089,0.1371,0.02,0.02,association,4.349327929739873,0.16621456,1.8127985,1.7126985,0.1001,6.019986,True,14.647326,none,00050708-2959257,11.66,0.021,0.0021259775998861,0.0001389857634667,11.657874022400113,4.849984791133025,False,0.6233490933242394,0.019257150249811672,0.019482108931046627,41.328460023745755,0.08744048850004452,2.2631734819970006
Feinstein2024,TIC 12359060,2320821797854098816,0.8529076553435491,-29.920748391191594,18.582529245868137,2.4455125629076955,7.03033269712001,0.1371,0.02,0.02,association,4.139993761855346,0.018290315,1.3529005,1.3476005,0.0053,1.0485435,False,13.741475,none,00032466-2955146,11.481,0.023,0.0022411477779667,0.0001150847747894,11.478758852222033,4.563757285853288,False,0.6645932400018137,0.016089278578318544,0.01636115406561567,37.29831769125135,0.18848927062383397,1.8448399942673182
Feinstein2024,TIC 70742060,2320832621171630976,0.394547033397509,-30.21849486204867,18.77716455358786,2.0988288587335484,5.42256915802566,0.1371,0.02,0.02,association,4.400859153765613,0.09289545,2.8758678,2.8758678,,1.0063286,False,17.45238,none,00013466-3013066,13.695,0.045,0.0021397322366991,0.0001146865818273,13.692860267763301,6.910547615325571,False,0.3012985134350912,0.011058276243037402,0.011401650167331856,238.07527765302663,0.022776699922318556,49.01691122127109
Feinstein2024,TIC 70742164,2320834476597503232,0.515501161564332,-30.173593586877235,19.41473938983659,2.618218304709371,4.96754376027572,0.1371,0.02,0.02,association,4.211702117815216,0.023798333,1.7973852,1.5610852,0.2363,1.0214267,False,14.635049,none,00020368-3010249,11.686,0.026,0.0022134939818001,0.0001138484921715,11.6837865060182,4.806074741705169,False,0.6299353509896389,0.015531623581243492,0.01575339572394563,40.684888560440996,0.12209800582090805,2.196370011390805
Feinstein2024,TIC 70742165,2320834476597504256,0.5176648853064801,-30.17620520934572,18.25215295837976,2.810651170988565,4.96754376321435,0.1371,0.02,0.02,association,4.225743345892118,0.017957784,1.4501266,1.4274266,0.0227,0.99317,False,13.981035,none,00020421-3010343,11.463,0.025,0.0022029543237606,0.0001131010194143,11.46079704567624,4.590312627043257,False,0.6608248774692176,0.016095433292944494,0.01622057614974748,37.66654054443646,0.13188213441990979,1.8830619570979361
Feinstein2024,TIC 70742090,2320838943363481984,0.4161476605339715,-30.077343904049417,19.1471937919062,2.274323825476054,2.17154862617501,0.1371,0.02,0.02,association,4.239308411754857,0.021719374,1.5729742,1.5729742,,1.027069,False,14.302676,none,00013984-3004383,11.622,0.025,0.0022003245621935,0.0001130590571558,11.619799675437806,4.7562747397026115,False,0.6370866628944787,0.01565385077927761,0.01580065076125059,39.98610322573951,0.05430758315997042,2.123835276356002
Feinstein2024,TIC 70744206,2320842619855491968,0.6047737239106032,-30.073172104453608,18.541771990974617,2.6989041726137977,5.96296359575348,0.1371,0.02,0.02,association,4.1088842516563,0.1240651,2.9487152,2.6904152000000003,0.2583,0.9463857,False,17.474922,none,00022512-3004235,13.473,0.042,0.0022369693983866,0.000120235199149,13.470763030601614,6.539382566827015,False,0.3565931514604018,0.014245671032816654,0.014509121313512341,165.90886320024308,0.035941199769155815,21.632241739235994
Feinstein2024,TIC 313890987,2320863922893254656,0.2084669918580015,-29.79743084505235,19.08748462355324,2.208023345981304,1.62592117720978,0.1371,0.02,0.02,association,4.299604324965509,0.05488494,2.410119,2.191519,0.2186,0.9352061,False,16.313938,none,00005001-2947508,12.825,0.03,0.0022062210796245,0.0001155203764269,12.822793778920374,5.989936234270974,False,0.4455743857134936,0.01186196138719886,0.012078836105730462,78.85341846442236,0.02061953950599332,5.76532017858133
Feinstein2024,TIC 313934186,2320870863560481664,0.7623952886729963,-29.795588179806582,20.222374878799886,-1.581571284504409,4.7003828807686565,0.1371,0.02,0.02,association,5.573446469498684,0.36583784,1.9377384,1.9377384,,17.412214,True,14.244985,none,00030295-2947441,11.053,0.021,0.0016807604419583,0.0001423646826013,11.051319239558042,4.781938410942676,False,0.6328862300802164,0.025797533521801475,0.02538724516551749,40.396545517876,0.11635606016580491,2.166439666329234
Feinstein2024,TIC 313934195,2320874054720005248,0.778691104580573,-29.74626717178234,18.08755769183884,2.848374127705703,5.70801076120428,0.1371,0.02,0.02,association,4.243456455902075,0.023451217,1.6750193,1.5481193,0.1269,0.9846534,False,14.583324,none,00030686-2944465,11.828,0.024,0.0022093326769034,0.000113669189683,11.825790667323096,4.96438941750343,False,0.6070389137522598,0.015032254456389227,0.015152562097946243,42.922197570493466,0.13298505398820046,2.428605303369936
Feinstein2024,TIC 12359093,2320877215815958272,0.890131224171586,-29.71695686368154,18.47137507053603,2.2926000816688994,1.9308554853659576,0.1371,0.02,0.02,association,4.152413075986064,0.095916785,2.8060837,2.8060837,,1.0306463,False,17.375177,none,00033361-2943011,13.526,0.038,0.0021991291982867,0.0001190694290677,13.523800870801713,6.615303620651606,False,0.34495134321468046,0.012178317592939247,0.012429847601232114,181.10287818694016,0.010661649912448477,27.397847272929496
Feinstein2024,TIC 313934217,2320881377640416640,0.713058585415286,-29.66267842057352,19.32054387034098,2.12702074464341,1.1809971033262798,0.1371,0.02,0.02,association,4.2514688475921645,0.02026963,1.5582361,1.5554361,0.0028,1.0197096,False,14.281043,none,00025110-2939455,11.581,0.021,0.0022175987496811,0.000114070870968,11.578782401250319,4.721477407024924,False,0.6421269499507655,0.015668236713977324,0.015684327993599534,39.493595176239495,0.029903509621144908,2.0727123647850934
Feinstein2024,TIC 313934229,2320881991820717056,0.7980648720983338,-29.599150527794414,18.84467495820477,3.234918403634305,0.9000980610256049,0.1371,0.02,0.02,association,4.084548887898232,0.08286926,2.6601686,2.4107686,0.2494,1.0856707,False,17.179974,none,00031151-2935568,13.558,0.044,0.0022525674956387,0.0001171439552028,13.555747432504361,6.611467924955566,False,0.34551153492398856,0.01204227388987461,0.012348103614156059,180.37175798232943,0.004990238333840408,27.120412328894663
Feinstein2024,TIC 12394898,2320945699070402816,1.723057094525181,-29.353804276948864,19.032273572895136,2.901583753881659,5.7301263198623325,0.1371,0.02,0.02,association,4.20389778380821,0.034323007,1.7920694,1.6016694,0.1904,1.0126828,False,14.843814,none,00065350-2921139,11.972,0.026,0.0021808249801798,0.0001129305235341,11.96981917501982,5.088079913908674,False,0.5887804781485715,0.014698520198738518,0.014885455476636444,46.92456731267916,0.12211356754085691,2.854216332737957
Feinstein2024,TIC 313934016,2332909347653323136,0.575243832883654,-29.40147312882409,18.012783910167936,2.605762161925663,8.973499882256778,0.1371,0.02,0.02,association,4.152834786316955,0.015600362,1.3440094,1.2887094000000001,0.0553,0.9838797,False,13.73345,none,00021803-2924052,11.432,0.021,0.00226260683079,0.0001161269979891,11.42973739316921,4.521460661988385,False,0.6707214342676333,0.016232256661914524,0.01643824927759696,36.71853768890883,0.24438609070663794,1.7881964143309168
Feinstein2024,TIC 65263465,2333306099552537728,359.82701226213044,-28.357786389109467,19.214294750706745,2.1747100274608417,4.37976822996625,0.1371,0.02,0.02,association,4.343040126189705,0.034088857,2.0220022,2.0220022,,1.0521188,False,15.369387,none,23591845-2821281,12.215,0.019,0.0023409981730309,0.0001213806833953,12.21265900182697,5.40162821138537,False,0.5409385806190099,0.013119850135762556,0.01330869706202209,61.05843075426966,0.07173076962283352,4.364653383314116
Feinstein2024,TIC 65260831,2334138636012819328,359.3634570919215,-27.693084237435023,18.4867583562412,2.119757895007252,4.07673734226724,0.1371,0.02,0.02,association,4.125127385119123,0.024026623,1.6678419,1.5678419,0.1,1.1033981,False,14.590165,none,23572720-2741351,11.842,0.024,0.0025732446877879,0.0001321870623661,11.839426755312212,4.91661357646934,False,0.6140237945032374,0.015190071408540007,0.015314427026016375,42.23967493711223,0.09651441087879621,2.357758655752878
Feinstein2024,TIC 194855412,234871974505484288,52.21858888476867,38.3876432464501,23.90609973230696,-27.132155767271687,0.2092105664902834,0.079,0.0019,0.0019,association,6.019606614257162,0.016945638,1.724597,1.599297,0.1253,1.0618956,False,13.481852,none,03285242+3823159,10.616,0.019,0.0095659818506447,0.000490623466376,10.606434018149354,4.504274571747709,False,0.6732212920446932,0.016348354657025332,0.016431320474806665,36.54021450081189,0.005725488187422516,1.7819467698882672
Feinstein2024,TIC 28092085,2355466790769878400,13.83938019182814,-21.401018097085892,24.52207783688737,5.339674428047427,4.493867771775127,0.12,0.0,0.0,association,11.197150021524545,0.018451693,1.6797619,1.6797619,,1.2726494,True,12.330921,none,00552142-2124037,9.589,0.019,0.0014739747094798,7.55885145427478e-05,9.58752602529052,4.833063510324466,False,0.6261425596172624,0.01520943527908769,0.015308040827971547,41.055498460256075,0.10945836587821317,2.2348397524534813
Feinstein2024,TIC 352901324,236932356220839424,53.15131414147894,40.73668490684544,22.37804756053329,-26.44500084435419,2.828742387556983,0.079,0.0019,0.0019,association,5.7828488112813,0.018655196,1.7979441,1.7979441,,1.0566561,False,13.824046,none,03323627+4044124,10.823,0.02,0.0091562849294581,0.0004695876592468,10.813843715070542,4.624552905635227,False,0.6559205646364386,0.01582067855809144,0.015988325031149664,38.14576196981086,0.07415613796876552,1.9328057015446949
Feinstein2024,TIC 384985967,241039788061910016,50.38308788103528,42.68765089761002,33.85817980683335,-36.46863480119916,1.7408400373137949,0.079,0.0019,0.0019,association,8.6177958297852,0.017561076,2.3167791,2.0586791,0.2581,0.9838849,False,13.932261,none,03213189+4241161,10.516,0.021,0.0017294328097358,8.960496687589302e-05,10.514270567190264,5.191251570693238,False,0.573395887566378,0.013926675276374256,0.01399300650121349,51.46961493039003,0.03382267459486903,3.33992983540435
Feinstein2024,TIC 4579839,2413060305048533248,348.209581097898,-11.775778900613265,31.01582783743223,-9.703703757310752,12.228395483797222,0.12,0.0,0.0,association,8.891578104457857,0.029622553,1.8213291,1.5912291,0.2301,2.254835,True,13.220281,none,23125027-1146327,10.244,0.021,0.0012157218861685,6.235701150369596e-05,10.242784278113831,4.987678516729938,False,0.6037010328759673,0.014805479131404509,0.014905040011170878,43.24835621611976,0.2827482141214743,2.4624609522580454
Feinstein2024,TIC 300942493,2448500283527252608,1.682056236126452,-2.448011813521173,19.80101030942384,-10.072891681124243,5.220349404922299,0.12,0.0,0.0,association,8.074465111326008,0.01883702,1.5209475,1.4545474999999999,0.0664,1.0585244,False,12.79009,none,00064366-0226527,10.183,0.023,0.0029198532373834,0.0001497469243717,10.180080146762617,4.71564895850052,False,0.6429271514173276,0.015581343168131534,0.015738610646905515,39.41540406150685,0.1324443965302515,2.0645960356242488
Feinstein2024,TIC 404467056,2454062437973588864,25.77819148875988,-13.554988365672587,11.413821500481806,-5.02407906547715,3.992683774400538,0.12,0.0,0.0,association,10.183271417654534,0.029538685,1.8127108,1.6190108,0.1937,0.9741961,False,12.985233,none,01430675-1333178,10.09,0.023,0.0014456159070964,7.413782630751826e-05,10.088554384092904,5.127990980579245,False,0.5829061585307678,0.014281568208127537,0.014384342481528645,48.660009165481746,0.0820526720581231,3.0396769949571887
Feinstein2024,TIC 409907064,245628118808909056,61.476947236047245,46.41915996340476,26.959039696465908,-39.95143858282884,1.0298748844275365,0.079,0.0019,0.0019,association,8.386165820413465,0.030019708,2.789567,2.4239669999999998,0.3656,0.99136627,False,15.32866,none,04055441+4625096,11.569,0.021,0.0021988234807817,0.000129505101227,11.566801176519219,6.184618404001357,False,0.41364556138691677,0.009815701373159624,0.009953585645079033,99.1439177231228,0.010387675896605652,7.294522190827591
Feinstein2024,TIC 29848163,2478036258224982656,23.578643204994005,-6.799032247972608,12.472656762934552,-7.467970896904988,5.4683909399937,0.12,0.0,0.0,association,9.366433513649405,0.016539827,1.9182634,1.6969634,0.2213,1.0350485,False,13.434021,none,01341887-0647567,10.409,0.022,0.0018422618870441,9.447557079351428e-05,10.407157738112957,5.265029011551205,False,0.5621033208332415,0.013639403827816698,0.013768095370639721,54.80576178812236,0.09977766500417157,3.69645229940766
Feinstein2024,TIC 65747524,247893387636884480,55.29422851910206,46.54055474688173,19.199265760006824,-23.795657133850284,0.464331454511898,0.079,0.0019,0.0019,association,4.992464279527416,0.020252151,1.8613844,1.0230844,0.8383,1.098447,False,14.214207,none,03411058+4632263,11.1,0.021,0.017374860999843,0.0008916913886598,11.082625139000157,4.57419997014938,False,0.6631549028967306,0.01602242069825821,0.01617569619562864,37.4388637740909,0.012402391731589697,1.8594288420474467
Feinstein2024,TIC 251064437,2488721720245150336,36.722085516193104,-5.295888766911664,3.875696734772269,-10.40504941944695,5.158350624363117,0.12,0.0,0.0,association,8.798275055187874,0.016585631,1.4848537,1.4800537,0.0048,1.25628,True,12.472762,none,02265329-0517449,10.001,0.021,0.0021303611546795,0.0001092519948759,9.99886963884532,4.720857313548217,False,0.6421723831597671,0.015525021080255219,0.015738076446064952,39.48915570267419,0.1306270172804377,2.072251542236648
Feinstein2024,TIC 251081955,2488896168932236416,37.355512324781,-5.336374945910278,3.298661132041359,-9.727320665092003,8.005210846852671,0.12,0.0,0.0,association,9.115882068267446,0.016528366,1.5759115,1.4678114999999998,0.1081,1.3685312,True,12.595858,none,02292531-0520107,9.944,0.021,0.0020948551790764,0.0001074295926152,9.941905144820925,4.74089863530909,False,0.6393228922875605,0.015448997080199978,0.01559447508817069,39.767591667901236,0.20129986532008545,2.1011535210833157
Feinstein2024,TIC 410708185,249209331258050816,51.911031974689095,48.41631733653975,22.62618187588022,-26.287413979562,0.3292935459795598,0.079,0.0019,0.0019,association,5.695515562914346,0.026189687,2.509471,2.150871,0.3586,1.209059,True,14.527084,none,03273859+4824592,10.9,0.023,0.0171635721667016,0.0008815998963943,10.882836427833299,4.66050164233592,False,0.6508054938262551,0.015829962504294137,0.01594170721431931,38.64557746040594,0.00852085976246403,1.9846871340479844
Feinstein2024,TIC 354795829,249298460420296448,53.85306887469535,49.05983713822903,21.240882292714197,-25.350887880502675,7.948213741905992,0.079,0.0019,0.0019,association,5.582880217465238,0.019430531,1.9493904,1.9493904,,1.0907947,False,14.221143,none,03352469+4903358,11.02,0.018,0.0158309629722544,0.0008131520031463,11.004169037027745,4.738460587123582,False,0.6395945642798191,0.015382814996421135,0.015647834936863392,39.74104543322911,0.20000011713985172,2.098397990876121
Feinstein2024,TIC 428260369,249840657090141056,55.06447924528533,50.28060231237741,24.19580700215594,-21.66628658902548,0.745930079276599,0.079,0.0019,0.0019,association,5.877819094103996,0.023962485,2.351223,1.9731230000000002,0.3781,1.0445231,False,14.793304,none,03401542+5016504,11.281,0.025,0.0194835228774001,0.0010012065962104,11.261516477122601,5.107597553854726,False,0.5859888614215032,0.01445148778281502,0.0145459057564985,47.74929065433305,0.015621804409128096,2.942351660835399
Feinstein2024,TIC 241579057,2508964107269556864,25.655013928812373,-0.7974830359263662,11.044854536140384,-12.32296560631094,5.340250046972041,0.12,0.0,0.0,association,9.049470146090169,0.018736111,1.3844261,1.3230261,0.0614,1.2667121,True,12.165135,none,01423718-0047507,9.788,0.025,0.0016661670795386,8.544883421333289e-05,9.786333832920462,4.5694495911753386,False,0.6638194336754197,0.016117461406380595,0.016366525364857498,37.37392962371614,0.142887036518186,1.8526886012921717
Feinstein2024,TIC 248349830,2531488844210764544,17.237539563995156,-3.025542940879144,13.57397474154162,-10.81656637166948,2.2912570088672086,0.12,0.0,0.0,association,8.146233791391728,0.015659565,1.6543665,1.5421665,0.1122,1.0754058,False,13.068751,none,01085698-0301316,10.344,0.021,0.0017494390098159,8.971979312288424e-05,10.342250560990184,4.897034910421608,False,0.6168565514056021,0.01503584183079032,0.015168589769143148,41.96287411979545,0.05460200372181698,2.3290264071717495
Feinstein2024,TIC 244165238,2540261774473566336,5.9508832643831,-3.5931994105366263,18.548902976995542,-8.40121777925619,6.51512686808702,0.12,0.0,0.0,association,8.241470289867301,0.016215503,1.5040884,1.4086884000000002,0.0954,0.8404094,False,12.688,none,00234818-0335354,10.164,0.023,0.0018319920588648,9.395468392779277e-05,10.162168007941135,4.742191494712316,False,0.6390887093784078,0.0154917969772973,0.01568322563825586,39.79047468359558,0.16373584180369205,2.1035288048761496
Feinstein2024,TIC 212949811,2543590790741654656,8.060015980085351,-0.1036735064319107,17.368983942869335,-11.887859214077997,2.587428131872324,0.12,0.0,0.0,association,8.264493521747317,0.018241033,1.8064976,1.6139975999999998,0.1925,1.0362345,False,13.390462,none,00321436-0006130,10.439,0.023,0.0018745575794866,9.613968212041044e-05,10.437125442420513,5.023206660300129,False,0.5984685811996302,0.014633905989508422,0.014783392453382005,44.0624248684521,0.058721873333051074,2.5483490792688173
Feinstein2024,TIC 262845086,2561673084092908160,24.529803096026026,4.884860760630735,10.36328867092622,-16.533771321514482,7.223561839526316,0.12,0.0,0.0,association,8.26766559025023,0.014420027,1.7130518,1.5258517999999999,0.1872,1.0887511,False,13.178241,none,01380713+0453056,10.35,0.021,0.0016989237852429,8.713136114239078e-05,10.348301076214756,4.935215586258215,False,0.6113143745160089,0.014874966703514403,0.015057702677599871,42.50442397586427,0.16994847039047387,2.3852399156233384
Feinstein2024,TIC 27206432,257082418627589760,65.35328050600147,46.66075912221999,20.80636564594211,-33.79911244987095,5.635009877404201,0.079,0.0019,0.0019,association,6.843749092896901,0.018116867,1.4733324,1.2858324,0.1875,1.0400419,False,12.931902,none,04212475+4639393,10.37,0.018,0.0204874419327133,0.0010535614729281,10.349512558067286,4.525982952851072,False,0.6700186437959545,0.016065869202167238,0.016346169903577512,36.76867007588858,0.15325574370173956,1.7899533905101137
Feinstein2024,TIC 422605052,2647133102102550656,353.6851454427265,1.8767722355280896,21.857928219031688,-12.915594752116265,5.102162966266223,0.12,0.0,0.0,association,7.827310097443601,0.019468796,1.5335798,1.3943798,0.1392,1.3086556,True,12.812612,none,23344441+0152365,10.203,0.02,0.0036064096415798,0.0001849763062283,10.199393590358419,4.667456289188809,False,0.6497816309506224,0.015738012442651605,0.015904075976558407,38.74562348996776,0.1316835943442052,1.995072028929402
Feinstein2024,TIC 422594721,2647463952023533312,353.4824110753082,3.0466451547642106,18.042865392076862,-12.248795474370118,8.62251584408969,0.12,0.0,0.0,association,7.157417877314948,0.016178764,1.6286678,1.4608678000000002,0.1678,1.0254161,False,13.260351,none,23335576+0302482,10.547,0.023,0.0043417772146573,0.0002226776768645,10.542658222785343,4.816440091385509,False,0.6285061657288751,0.015335208585145588,0.015474333152540098,40.82454037734992,0.2112091346133953,2.21086603332141
Feinstein2024,TIC 422726848,2742946164551127424,357.84030094234885,3.7824807190342464,19.1669067410736,-15.166778786280393,6.180026343937211,0.12,0.0,0.0,association,7.456336705518641,0.019195685,1.3598986,1.3338986,0.026,1.1131597,False,12.47008,none,23512165+0346571,10.163,0.021,0.0038105060670241,0.0001954313366685,10.159189493932976,4.521817049975292,False,0.6706826730452697,0.016258974914232893,0.01635897012391474,36.7213026561041,0.16829540067827412,1.7882933173868258
Feinstein2024,TIC 267055669,275029678210654336,62.1165589833188,52.53992757400654,30.54862849203755,-41.348911149217614,0.4154000440690404,0.079,0.0019,0.0019,association,8.220694812860165,0.016753012,2.0048923,1.9709922999999998,0.0339,1.0155232,False,13.795846,none,04082791+5232243,10.594,0.02,0.0018821035831674,9.92274908336006e-05,10.592117896416832,5.166660524651556,False,0.5770553674605919,0.014031427559049181,0.014162581988189649,50.38850001307084,0.008243945423286764,3.224394827315597
Feinstein2024,TIC 405305422,2752136947888573056,2.8904618429533127,8.752677657299113,19.29148342331552,-19.43407416869989,4.746679879284201,0.12,0.0,0.0,association,8.053836163124737,0.017060274,1.3170261,1.2923261000000001,0.0247,1.0357822,False,12.2276,none,00113369+0845100,9.976,0.02,0.0016662479295026,8.545427711995728e-05,9.974333752070498,4.504347705237484,False,0.6732241392490943,0.016304210812156605,0.016555067302848614,36.54001140023128,0.12990362338130407,1.7819396518772643
Feinstein2024,TIC 160328683,2890062263458259968,91.19615331261812,-32.580194926506465,-8.057816972865167,11.49913401045007,2.568053850435101,0.030199999999999998,0.004900000000000001,0.004900000000000001,association,5.103122802178024,0.043111466,2.8308048,2.8308048,,1.7138934,True,15.48932,none,06044708-3234488,11.643,0.028,0.00187283532594,9.667740733996632e-05,11.64112716467406,5.180307261544485,False,0.5749920802032247,0.014458675789582931,0.014662369339857761,50.99805401996163,0.05035591847151491,3.2895357535839063
Feinstein2024,TIC 78112243,2905315960068496000,81.16079404606693,-30.923630557391046,11.9404149435054,-31.38029959155968,2.07353448322428,0.195,0.0718,0.0718,association,13.42644057955375,0.011734755,1.6102867,1.5430867000000001,0.0672,1.1975647,False,11.8027525,none,05243857-3055244,9.068,0.023,0.0008450751586901,4.333720651898015e-05,9.06715492484131,4.7069593956513,False,0.6441947555125578,0.015671415197131444,0.015794073734648917,39.291541032772926,0.052773050603811975,2.0517389083726285
Feinstein2024,TIC 31353324,2905813763957931136,82.99708203359964,-29.7710245203926,7.67412141013989,-34.07945281314824,0.5405375504298151,0.195,0.0718,0.0718,association,14.026393060061086,0.024785716,3.0076237,3.0076237,,1.0030574,False,15.368874,none,05315928-2946151,11.466,0.023,0.0009324696589413,4.781900907146714e-05,11.465067530341058,7.1997975549386215,False,0.2624242567024306,0.006429231989845019,0.006485759158951165,222.9266730668645,0.002424732505058677,44.52621407196958
Feinstein2024,TIC 188969241,2983526215016630912,78.61426494620306,-15.247717156598066,34.69023883953938,-15.165214766811408,3.514741696631281,0.0525,0.0029500000000000004,0.0029500000000000004,association,13.197340094399854,0.016441684,2.6592102,2.3119102,0.3473,1.148277,False,13.637133,none,05142736-1514514,9.792,0.03,0.0016955922851303,8.695348528690682e-05,9.790304407714869,5.392736450589041,False,0.5423406617817084,0.0133705731699848,0.013583535914874934,60.64421591934674,0.05795675058781668,4.320387678034637
Feinstein2024,TIC 231306114,3182546714520680960,78.4469862750075,-9.581783002865114,-11.436376599235322,-3.469933891818008,6.485789991556782,0.12,0.0,0.0,association,5.129590659173998,0.022925613,1.9045401,1.6575400999999998,0.247,1.0536395,False,14.642518,none,05134727-0934543,11.615,0.019,0.004712501527352,0.0002422923560828,11.610287498472648,5.1607010476623785,False,0.5779914078168437,0.014058707964972661,0.014129378760056932,50.1119669478239,0.129425971211821,3.1948426960682212
Feinstein2024,TIC 37903382,3191365111308746880,66.12658835046398,-10.683995628853546,-8.689191107381284,-3.8972619521083023,6.837759753553072,0.12,0.0,0.0,association,6.523896365937786,0.01528701,1.4072819,1.3352819,0.072,0.89074683,False,12.891982,none,04243039-1041022,10.457,0.019,0.0008962463239256,4.629158035843804e-05,10.456103753676075,4.528639021296822,False,0.6696038916631133,0.0160648515175984,0.016343875691962828,36.80870544320437,0.18576474426963202,1.794017670274137
Feinstein2024,TIC 38049622,3197607794734344320,67.96519283119757,-8.900962152600075,-8.9573601545271,-4.607046748279391,7.930678436849188,0.12,0.0,0.0,association,6.069172629791091,0.011993811,1.4240332,1.3471332,0.0769,1.0435967,False,13.123888,none,04315165-0854034,10.708,0.025,0.0012981142057728,6.712248130216515e-05,10.706701885794228,4.622349338858221,False,0.6562523081261888,0.015920516477413327,0.016110729684906677,38.11334589166955,0.20808140170613043,1.9294408747200849
Feinstein2024,TIC 213044139,3228103402564766976,75.26689009832857,-0.361337402420253,13.838096363536447,-59.62363287987014,6.637495340851297,0.195,0.0718,0.0718,association,11.676846349402044,0.012940447,1.7133236,1.7133236,,1.0539905,False,12.337649,none,05010403-0021397,9.506,0.025,0.0007507803394587,3.850176845369312e-05,9.505249219660541,4.841877047418061,False,0.6248776798238199,0.015353860078349268,0.015442895272901325,41.17909528578674,0.16118604099450132,2.247669247501255
Feinstein2024,TIC 12631414,3247412647814482816,53.12881980565811,-6.2192006280482905,-6.757460868339656,-8.734078724367384,6.905131901971,0.12,0.0,0.0,association,8.304620948555565,0.015746443,1.3653183,1.3306183,0.0347,1.2296412,True,12.313834,none,03323092-0613091,9.968,0.024,0.00066051951435,3.387873108873704e-05,9.96733948048565,4.56393855322011,False,0.6646218132530874,0.01612411460525498,0.016286428156746857,37.2955256764126,0.18514638892295118,1.844550179861542
Feinstein2024,TIC 397353968,3409493546650264704,70.71404290007116,18.486859412234377,18.686907593762488,-24.638586705883174,3.740058989055904,0.079,0.0019,0.0019,association,6.388724578123686,0.049527477,2.9146595,2.3873595,0.5273,1.0379997,False,16.110914,none,04425134+1829130,12.138,0.02,0.0161965950545965,0.0010501388833726,12.121803404945403,6.148874234102454,False,0.4194868931315704,0.010171928469880798,0.010280915470753438,92.85630823317763,0.040277920372022484,6.817869520463855
Feinstein2024,TIC 467615807,3415712448841620224,78.13145880850327,22.96101185383044,3.1913049900821964,-17.898449647428805,1.3790190937309537,0.0085,0.0013,0.0013,association,5.82631643809825,0.061599363,3.449215,3.449215,,1.0549548,False,16.221338,none,05123154+2257398,11.823,0.021,0.0114496553519339,0.0008051337908979,11.811550344648067,5.638520686020403,False,0.5031630486770331,0.012413034417852187,0.012595248035348283,68.9193741032118,0.02000916450091047,5.045461891537086
Feinstein2024,TIC 19330721,3416029971479737984,81.99886459431802,22.67240756662834,1.4646455472128093,-17.506554263897844,6.473631510717673,0.0085,0.0013,0.0013,association,5.500506427743017,0.03188747,2.9274187,2.3816187,0.5458,1.0216626,False,15.0757,none,05275972+2240210,11.015,0.034,0.0119407037314376,0.0006690666292042,11.003059296268564,4.705072678875382,False,0.644389249910438,0.01609164388460782,0.01629137551234372,39.272536151608634,0.16483864158216602,2.0497661794798434
Feinstein2024,TIC 19400360,3416152085989711232,82.19820336354535,23.133742135405345,1.6069625591554455,-18.454783061615533,4.331698301495474,0.0085,0.0013,0.0013,association,5.881200858439647,0.032508753,2.8664637,2.3794637,0.487,1.1223531,False,14.655828,none,05284756+2308019,10.796,0.047,0.0110082244407656,0.0007203689769822,10.784991775559234,4.632321835315867,False,0.6547774847188799,0.016988742980271088,0.017164867210151535,38.25745720746946,0.11322494012094837,1.9443997978513616
Feinstein2024,TIC 6743108,3416299557986788608,81.28225172299965,23.12977506367762,0.749863784759266,-18.46960874718537,2.57665872033052,0.0085,0.0013,0.0013,association,5.765080529107928,0.05549506,3.3975286,3.3975286,,1.2677804,True,15.390442,none,05250773+2307475,11.025,0.02,0.0121768716010703,0.0010698920417872,11.01282312839893,4.81685001881873,False,0.6284303441307826,0.01549397366143368,0.01569934806919915,40.83194923064924,0.06310398520961205,2.2116350809592054
Feinstein2024,TIC 432915399,3416562165170279424,82.76092852264678,23.567154662179973,1.880172944025361,-18.21255233339497,1.3488449583923832,0.0085,0.0013,0.0013,association,5.956402239661453,0.0407846,2.9332323,2.3780322999999997,0.5552,0.97075015,False,15.322274,none,05310261+2334020,11.356,0.024,0.0113577525423363,0.0007837514272715,11.344642247457664,5.219562338733741,False,0.5690276969586099,0.014045772989918937,0.014247233321735608,52.760103241370686,0.025565623937875766,3.477839853163888
Feinstein2024,TIC 432909350,3416562169467254656,82.75859596883018,23.565947074544827,2.00891604019223,-18.28300104127262,1.348844955186712,0.0085,0.0013,0.0013,association,5.985408074637883,0.044585712,2.9896145,2.9896145,,1.0909957,False,15.404922,none,05310205+2333576,11.39,0.024,0.0107293920910694,0.0007956058988033,11.37927060790893,5.264739433853213,False,0.5621103019015742,0.01385369050533991,0.014132945720895962,54.803699381077806,0.024612297535016966,3.6962318971074435
Feinstein2024,TIC 54186889,3417263726605650688,80.9646991989707,24.373757226930465,2.443897422709271,-18.2536548479226,2.82186076563209,0.0085,0.0013,0.0013,association,5.781919282796483,0.025947224,2.7848988,2.3546988,0.4302,1.0263739,False,14.618777,none,05235152+2422258,10.725,0.018,0.0202534035031892,0.001612328732992,10.704746596496811,4.515106719021986,False,0.6716710933645479,0.01617207142530297,0.01644479100729146,36.65079533999559,0.07699316589052853,1.7858222665886303
Feinstein2024,TIC 54038819,3417279085408497920,80.75820957881864,24.46897002453593,1.61984802776004,-17.409858949700734,4.17972783869706,0.0085,0.0013,0.0013,association,5.508874140959621,0.045793403,3.1554422,3.1554422,,1.0120205,False,15.864009,none,05230197+2428085,11.619,0.022,0.0351287141429735,0.0034331848969773,11.583871285857025,5.289185537530198,False,0.5583810271797001,0.013758669354253072,0.013992657291303834,55.90543368462576,0.07476425032807685,3.8139704276123267
Feinstein2024,TIC 54186572,3417281009553784320,80.89882234624945,24.57834556398952,0.874203381140704,-18.549421368216784,1.5583847690763,0.0085,0.0013,0.0013,association,5.562963739624183,0.040508717,2.987092,2.987092,,1.0994443,False,15.417808,none,05233572+2434422,11.34,0.018,0.0347152681847079,0.0022313327457866,11.305284731815291,5.031815877526574,False,0.5971728154686038,0.014644258778190866,0.014825595912745126,44.44523108727533,0.03506303670727151,2.5892582544912224
Feinstein2024,TIC 426828832,3417333133276904704,80.68788542156535,24.67866093827059,1.6197429422775462,-17.821904260872373,1.5416451297685334,0.0085,0.0013,0.0013,association,5.539543706683319,0.05703908,3.3085794,3.3085794,,1.0201551,False,15.939167,none,05224508+2440433,11.598,0.025,0.0406286635842212,0.0031344100252482,11.55737133641578,5.274741302809902,False,0.5606415369132629,0.014173559881557107,0.014255756564189315,55.237614523338905,0.027909335750137435,3.7426029060241284
Feinstein2024,TIC 54008191,3417570387270978176,80.53911990569624,25.155426524110226,2.9958647993336163,-18.88773315132962,1.44817846737812,0.0085,0.0013,0.0013,association,5.888227462021558,0.04728021,3.2798862,3.2798862,,1.0633137,False,15.81957,none,05220937+2509198,11.543,0.02,0.0196316702217009,0.0014103456563487,11.523368329778299,5.373291221949238,False,0.5453427714882662,0.01326967372488641,0.01348299670567521,59.757306937466524,0.02423433286398895,4.225606785870455
Feinstein2024,TIC 285555777,3417723112010385024,81.67536263786884,25.176797699014152,0.4726389194392889,-18.01547072441525,1.37926432288807,0.0085,0.0013,0.0013,association,5.592018596861443,0.03932522,3.178196,2.5114959999999997,0.6667,1.0541975,False,15.197769,none,05264208+2510368,11.03,0.021,0.0338541067591921,0.002181999741707,10.996145893240808,4.733988928406825,False,0.6403223326646521,0.015642075098759478,0.01574197210954731,39.66993206533971,0.03476850730715409,2.091016340115672
Feinstein2024,TIC 54231347,3417741494472219008,81.19393353282905,25.076505972061145,1.2393224837277907,-17.610104813652743,12.0621963505991,0.0085,0.0013,0.0013,association,5.706400951596984,0.05018754,2.888483,2.3292829999999998,0.5592,1.3857062,True,15.163435,none,05244654+2504357,11.023,0.026,0.0278379278288724,0.0034944532900728,10.995162072171127,4.7769734893481015,False,0.6341202226475295,0.015760285083209702,0.015908918963351226,40.275966815584255,0.2994886852953656,2.153923456003629
Feinstein2024,TIC 76636271,3443008855794991872,87.16217405703397,27.49215169814355,0.1468107199619756,-19.32279138854389,5.0395414152505,0.0085,0.0013,0.0013,association,5.291348772655406,0.041941885,2.880662,2.880662,,1.3981895,True,15.140217,none,05483892+2729319,11.054,0.018,0.013286385420272,0.0007340692010951,11.040713614579728,4.658545556853122,False,0.6510532329714482,0.01578605668348132,0.01598691437484223,38.62136980678992,0.13048582793571736,1.9821743512895966
Feinstein2024,TIC 345135733,3463395519358168064,177.0985755547717,-37.48021516505471,-57.04021298041484,-15.886114982077492,4.950180638710193,0.01,0.003,0.003,association,13.135712420820894,0.026251419,2.633359,2.633359,,1.3404187,True,12.855838,none,11482373-3728485,9.151,0.024,0.0009005532345237,4.618267148752009e-05,9.150099446765475,4.742367606278062,False,0.6391314217255915,0.0156606315354485,0.015738267947091877,39.78630107709935,0.12441922231266363,2.1030955796404296
Feinstein2024,TIC 203008491,354143766071577728,37.79179031317141,47.423869381763154,34.29708367227171,-27.89818017827542,1.0687637395904166,0.079,0.0019,0.0019,association,7.647495611163802,0.025833448,2.351574,1.9766739999999998,0.3749,1.0677575,False,14.356323,none,02310996+4725264,10.914,0.022,0.002248618001182,0.0001257871550756,10.911751381998817,5.329347564092211,False,0.552219298655177,0.013347400587219616,0.013558284717464564,57.725784340156274,0.018514494896987366,4.008504999600839
Feinstein2024,TIC 241086937,359644107351294336,29.31372351666638,52.10577466098942,31.838836634436824,-20.24221220178884,0.2948445545597232,0.079,0.0019,0.0019,association,6.741775291430343,0.026152644,2.4827127,2.1700127,0.3127,1.0850661,False,14.8309145,none,01571523+5206211,11.255,0.017,0.0032225390589055,0.0001991861106531,11.251777460941096,5.3956488262219935,False,0.5418686040577474,0.012864317075297782,0.013046466236945609,60.783675258368355,0.0048507194292949675,4.335291214748262
Feinstein2024,TIC 445242095,417692273991883520,11.987318868992892,55.41783583121973,26.393200124367624,-9.537494377330216,0.2538761040707463,0.079,0.0019,0.0019,association,5.473916099674142,0.022781774,2.1831217,1.9146217,0.2685,1.019194,False,14.6184845,none,00475690+5525044,11.238,0.022,0.0042257955665688,0.0002174329648116,11.23377420443343,4.925264887261214,False,0.6127793400433708,0.015018873352018347,0.01514057573201999,42.36127591576206,0.005993117501361248,2.3703809795600965
Feinstein2024,TIC 347308085,423254497156733440,1.4608831442924586,59.73233657840024,22.72853240583718,-3.7372916087097896,0.7770470443975417,0.079,0.0019,0.0019,association,4.816857123171309,0.02353282,2.4866905,2.1326905,0.354,1.1979998,False,14.8317375,none,00055055+5943564,11.145,0.022,0.0095184571908651,0.0004906576049352,11.135481542809135,4.549300365476851,False,0.6666945708572625,0.01612277841180998,0.016398301651984082,37.092987647661786,0.020948623814790613,1.8235264955906239
Feinstein2024,TIC 83969142,431890542519116928,3.8569705786662007,64.33974632942294,25.54300834226901,-3.965849017478216,4.34047475934223,0.079,0.0019,0.0019,association,5.488090385988057,0.02063608,2.2470112,1.9717112,0.2753,1.0320824,False,14.869035,none,00152560+6420231,11.444,0.018,0.0054920688229271,0.0002839929829396,11.438507931177075,5.135614207983785,False,0.5817756579111248,0.014084454509291189,0.014212624752280245,48.993991348541975,0.08859198117712448,3.0753685145202008
Feinstein2024,TIC 347493609,434966185771329664,47.06857059078014,46.69360862772223,31.0962330693025,-31.696244543796965,1.124171142024225,0.079,0.0019,0.0019,association,7.580288233582043,0.05710623,2.9495153,2.9495153,,1.2035445,True,16.068775,none,03081640+4641375,12.158,0.025,0.0045111359154535,0.0004008549760176,12.153488864084546,6.551917462082711,False,0.3547876728128499,0.009030272122059257,0.009131529820259221,168.2652385201293,0.006680947009086148,22.526405039436085
Feinstein2024,TIC 117751168,436438672361949312,49.53581971177055,49.31518704681313,22.45084655133872,-23.972593516409823,0.2315388965268205,0.079,0.0019,0.0019,association,5.559262850713017,0.023307594,2.0718937,2.0718937,,1.012738,False,14.39319,none,03180855+4918551,11.093,0.017,0.0191558429429253,0.0009840879107234,11.073844157057074,4.798930200316505,False,0.630995818860552,0.015250174193027655,0.01543383063996473,40.581265699911775,0.005705561237024794,2.185613837271544
Feinstein2024,TIC 117615681,436513988907722624,48.94471260324525,49.80248102112297,24.30123697964807,-24.76861670371977,7.822432065866202,0.079,0.0019,0.0019,association,5.758578586574885,0.018539788,1.8168135,1.5387135,0.2781,1.0871106,False,13.865526,none,03154668+4948094,10.799,0.02,0.0193034790394524,0.0009905514167589,10.779696520960547,4.581273010830442,False,0.6621734254742997,0.015917635322199808,0.016091038877958153,37.53476813936844,0.20840496567931704,1.8693838273321035
Feinstein2024,TIC 428118460,437776125175852032,42.42127684059465,48.11572063608509,32.690801366585575,-29.327155638795382,1.5585674919184649,0.079,0.0019,0.0019,association,7.62870055221189,0.036368385,2.8167963,2.4346963,0.3821,1.07768,False,15.604571,none,02494105+4806569,11.789,0.025,0.0031711660139835,0.0001967943809005,11.785828833986017,6.198081673783134,False,0.41143156347005927,0.010043740221023945,0.010230342003056725,101.52706508082821,0.015351251320794615,7.4751844208431635
Feinstein2024,TIC 301641485,438419648715329408,39.803733099974025,48.500826989650086,23.131642596182832,-19.47227299935949,3.2458245403227792,0.079,0.0019,0.0019,association,5.080105133323994,0.047224045,2.6029186,2.2111186000000003,0.3918,1.049061,False,15.810677,none,02391285+4830034,12.148,0.023,0.009248295248238,0.0004760635205901,12.138751704751762,5.668115205492239,False,0.4983946870815706,0.012247725316648361,0.012413375663286985,69.74191647842909,0.04654051256716899,5.105066411480368
Feinstein2024,TIC 410731841,441396920047753984,52.16660180053229,48.7714771538526,22.27045775292224,-26.571135364898705,3.570329205443531,0.079,0.0019,0.0019,association,5.868044662957845,0.041899778,2.7635517,2.3442517,0.4193,1.0265573,False,15.987871,none,03283995+4846177,12.213,0.027,0.0153608843164648,0.0007893068019845,12.197639115683534,6.040106169149102,False,0.43736218570919627,0.010931666643366367,0.01103503872725653,80.27002296516365,0.04447898572288956,5.867972678635047
Feinstein2024,TIC 117868990,442826044645857408,49.8860008554888,51.52700045687619,24.62864280551468,-24.974298418405382,8.685613715988278,0.079,0.0019,0.0019,association,5.890358488620496,0.021429304,2.0914888,1.7581888,0.3333,1.0412495,False,14.418515,none,03193259+5131376,11.143,0.02,0.0212341004514838,0.0010947484405435,11.121765899548517,4.972474533833733,False,0.6058611567200578,0.014764932011415488,0.014920719520455483,43.03728125764007,0.2018160409341933,2.4405511246965563
Feinstein2024,TIC 117624789,442898474972498432,49.255080925652784,51.88497907009273,22.41403023955635,-24.497407455051945,1.3218843170217909,0.079,0.0019,0.0019,association,5.426075054919547,0.041375797,2.5021324,2.0103324,0.4918,1.8412666,True,14.979162,none,03170117+5153063,11.241,0.018,0.0276881666364394,0.0014882516062435,11.21331183336356,4.885740817085589,False,0.6184967946858287,0.015171224542968598,0.015315987432571121,41.80259891927045,0.03162206061815978,2.3123896539008797
Feinstein2024,TIC 117802134,442979289077843456,49.74056574071192,51.92671471351953,23.14900289614248,-23.85442115331885,8.254442199058792,0.079,0.0019,0.0019,association,5.536642688030306,0.034367327,2.597065,2.1078650000000003,0.4892,1.0626605,False,15.4525385,none,03185769+5155366,11.727,0.022,0.0259721452403369,0.0013736160753041,11.701027854759664,5.41726033901254,False,0.538485230776369,0.013098592660117592,0.013205687513259456,61.78322039349557,0.13360330113073557,4.442109142631779
Feinstein2024,TIC 428468586,443661295524894848,55.9345641456009,52.060122648406335,29.4845956412995,-37.47150091932939,1.923368015660001,0.079,0.0019,0.0019,association,8.17966244009515,0.025659336,2.6617393,2.3048393,0.3569,1.0560167,False,15.031991,none,03434422+5203372,11.348,0.026,0.0021426987818129,0.0001157987782248,11.345857301218189,5.909534208676936,False,0.4588828967116489,0.01111305254729944,0.011252443059755701,76.55770031724057,0.025123116390512373,5.598963791104389
Feinstein2024,TIC 392122966,444970298474798080,55.028164973361065,54.480306095011606,21.04376015470063,-20.854194506356777,4.314260348219458,0.079,0.0019,0.0019,association,5.38113182624707,0.04692488,3.1341095,3.1341095,,0.99267435,False,16.204706,none,03400671+5428492,12.123,,0.0440980972265377,0.0029301267326719,12.078901902773461,5.733270060097917,False,0.4877891478321049,0.011383696082346184,0.011497521511942888,71.57137199896191,0.06027913434832621,5.237635652098689
Feinstein2024,TIC 117759199,446704503192164608,49.66964111883694,53.77306595896246,33.76503205851806,-37.22036991363759,0.2117793599921474,0.079,0.0019,0.0019,association,8.638861341222837,0.05043679,3.125516,2.651616,0.4739,1.0475291,False,16.152235,none,03184063+5346236,12.096,0.019,0.0019494377543139,0.0001063601493105,12.094050562245686,6.776333079146916,False,0.3207684232371822,0.00775979386038772,0.007882532751170457,212.6646116225726,0.0009958373345538263,39.37443839178552
Feinstein2024,TIC 251546956,447361152152230656,45.529797445095134,54.43101640357524,27.31742901458053,-25.852422422244693,1.106097521805262,0.079,0.0019,0.0019,association,6.519643022996132,0.035507247,2.5980682,2.2300682000000003,0.368,1.109237,False,15.417942,none,03020708+5425521,11.745,0.019,0.0140329533635459,0.000850628947804,11.730967046636453,5.8020861315942,False,0.47652533611115977,0.011243333345605178,0.011440481967375404,73.51437952082495,0.01504600227894095,5.378433298610503
Feinstein2024,TIC 450179701,448726573794583936,55.35425289343975,56.6164771391388,27.978039863596795,-34.22251487069724,1.659556166278661,0.079,0.0019,0.0019,association,7.7485644078338,0.028366348,2.7366705,2.3696705,0.367,1.0547247,False,15.261079,none,03412496+5636597,11.539,,0.00246641360374,0.0001306979085128,11.53653358639626,5.982639823116051,False,0.44690180728985396,0.010010185824606943,0.010043420068731324,78.6244382425002,0.021107383446863127,5.748727408876825
Feinstein2024,TIC 355824252,448749904056580992,54.52384095960231,56.58845014874738,31.28219832796725,-37.25866119068908,1.6451907001833934,0.079,0.0019,0.0019,association,8.621022529163495,0.014925206,2.1142464,1.8919464,0.2223,1.1638422,False,13.584399,none,03380566+5635190,10.275,0.024,0.0017584768426525,9.026359682424104e-05,10.273241523157347,4.951035423299718,False,0.609032978260595,0.01495934262774834,0.015080406223701992,42.72734898139329,0.03850439447810894,2.4083797919282506
Feinstein2024,TIC 251149265,453703959854582528,42.99893604353765,55.21687579843088,28.437206253423863,-24.990980091802328,0.9650229172839868,0.079,0.0019,0.0019,association,6.849159144042653,0.029378578,2.6229677,2.2752676999999997,0.3477,1.0162817,False,15.244726,none,02515970+5513012,11.591,0.019,0.0069061999151012,0.0003899123945994,11.584093800084899,5.762280087096265,False,0.483059604327315,0.011367780465508737,0.011488611343768163,72.38721825353818,0.013331399390206819,5.296754945908563
Feinstein2024,TIC 245630787,454613255974189568,39.98876540599808,55.64863877887863,32.914497694541865,-26.27890342702857,3.435825583821806,0.079,0.0019,0.0019,association,7.641082891515357,0.023566911,2.5839167,2.2479167,0.336,1.0545171,False,14.82586,none,02395723+5538555,11.144,0.028,0.0028615289832122,0.000154164005831,11.141138471016788,5.556913025991513,False,0.5163371860262214,0.012610974713242906,0.012754261549132395,66.64683541047683,0.05155271908501896,4.8807851746722335
Feinstein2024,TIC 250704825,455268393101629440,33.01674493664741,53.04743144858687,28.196118451823587,-19.311217614207216,0.9190437932499428,0.079,0.0019,0.0019,association,5.955246380112714,0.060377177,2.9186382,2.9186382,,0.9670773,False,16.412317,none,02120396+5302510,12.523,0.02,0.00707922109204,0.0005136405162917,12.51592077890796,6.390419447892743,False,0.3803098964328625,0.00960403752425315,0.009716740087094888,135.0264274796668,0.006806399387174327,10.014712451078418
Feinstein2024,TIC 301091083,455743279049438464,35.25721861818258,53.98789721764966,35.313975187560786,-26.812658849814085,1.8918460368583527,0.079,0.0019,0.0019,association,7.635697863357923,0.036256686,2.9644442,2.9644442,,1.2994924,True,15.256333,none,02210165+5359166,11.305,0.021,0.0021204408213234,0.0001139024826903,11.302879559178676,5.717123236576473,False,0.4904393557156703,0.011673266547179262,0.011851781424565555,71.11421113904687,0.02660292516160095,5.204508053554121
Feinstein2024,TIC 251333851,459462170968707456,44.29046771357332,55.18303522242123,28.684471820351543,-26.18968650723383,0.6328966107785401,0.079,0.0019,0.0019,association,6.6966536795555855,0.017192043,2.3729973,2.0200973,0.3529,1.1392401,False,13.938941,none,02570966+5510593,10.406,0.02,0.0089317505532023,0.0004694227657485,10.397068249446798,4.5263574483631395,False,0.6700709893235826,0.01619160515305229,0.01638506340628565,36.764936094917786,0.01721468001860688,1.7898225266910437
Feinstein2024,TIC 251246113,461461804664397056,43.57310377336122,59.18637549514658,23.25657765559655,-20.7389320003896,1.849803964681089,0.079,0.0019,0.0019,association,5.391170282056659,0.025196446,2.3702507,2.3702507,,1.0272297,False,15.080192,none,02541749+5911112,11.544,0.022,0.0189022045658971,0.0009786653958504,11.525097795434103,5.183513042399259,False,0.5744998739093639,0.014036163560838366,0.014231071302130971,51.14346582220508,0.0361689207984406,3.305075409432941
Feinstein2024,TIC 269797536,4622912654918835200,69.13806457173384,-78.8504246371515,31.621770811268817,43.40370481885669,0.807753147317675,0.133,0.0125,0.0125,association,14.225187734064576,0.08542289,2.9229107,2.9229107,,6.6367264,True,14.013603,none,04363294-7851021,10.104,0.021,0.0012777559097915,6.552884279019286e-05,10.102722244090208,5.868012277186844,False,0.4656851086638212,0.011123600706270054,0.011269303895019234,75.38431875549085,0.010715134933269392,5.513936141702235
Feinstein2024,TIC 458920985,462902955169368320,48.61721121406664,60.198904548299765,31.51620273840065,-33.640279587610806,0.8971262234464304,0.079,0.0019,0.0019,association,8.093662542959574,0.024022833,2.65096,2.3221600000000002,0.3288,1.1200781,False,14.87999,none,03142806+6011565,11.155,0.021,0.0023851593866591,0.0001230291792216,11.15261484061334,5.693340305441522,False,0.494262229806616,0.011697180420462083,0.011863089166639751,70.45476535835874,0.012733364718246067,5.1567221274173
Feinstein2024,TIC 81829004,463205836263318016,47.88770412408264,60.98822451967753,30.09494157049392,-30.275766909474296,1.66884323277844,0.079,0.0019,0.0019,association,7.5764816354038675,0.018781662,2.2916393,2.0239393,0.2677,1.0911673,False,14.322798,none,03113297+6059180,10.894,0.02,0.0033543950361198,0.0001813829390775,10.890645604963881,5.287983479389247,False,0.5586341723467809,0.013432088715187196,0.013543936330713935,55.830647369551016,0.029891167511136466,3.805978273051631
Feinstein2024,TIC 50126660,465192378897736576,39.80749386364669,60.358374526771605,34.56875383657316,-27.257524526328037,5.79164685958729,0.079,0.0019,0.0019,association,7.903912646670963,0.017518219,2.1618252,2.1618252,,1.0577403,False,14.025717,none,02391372+6021306,10.753,0.018,0.0025713053917529,0.0001327125539094,10.750428694608248,5.239639353721683,False,0.5660318995229092,0.013630926425596046,0.013738825374747021,53.64514739808911,0.10796217627306948,3.5724214579195803
Feinstein2024,TIC 38680132,4678136244899047808,65.67808117164536,-61.63263539519215,-1.9765552157092896,33.754623951889506,0.285535957368291,0.035,0.005,0.005,association,10.649278441171862,0.018585436,2.7522068,2.3552068000000004,0.397,1.1921085,False,14.59191,none,04224274-6137581,10.853,0.021,0.0012545398741958,6.433550088596323e-05,10.851745460125803,5.988346372411042,False,0.44591912106026504,0.010448899075567841,0.010562803628812623,78.79395161710428,0.0036238309097104348,5.761010986746687
Feinstein2024,TIC 15938971,46922075328601216,62.80625792321645,18.219444274543825,13.825878167651323,-36.1856173130446,6.30873674355074,0.1274,0.008150000000000001,0.008150000000000001,association,5.934482898338896,0.021677995,1.900445,1.787045,0.1134,1.072275,False,14.222254,none,04111349+1813107,11.108,0.022,0.0440286789759498,0.0022616551063257,11.06397132102405,4.930885734291024,False,0.6119370629730002,0.014935452016786921,0.015127113801069125,42.443578418066835,0.14863819165787676,2.3789240755595693
Feinstein2024,TIC 55781202,4761495650239473664,75.47032293987222,-61.02509393640788,-4.786809515329939,26.393118636875005,0.699718534427959,0.035,0.005,0.005,association,8.296967717380317,0.015732076,2.483529,2.189529,0.294,1.0032887,False,14.19029,none,05015289-6101308,10.648,0.025,0.0012158146948966,6.23496984787055e-05,10.646784185305103,5.241381186809834,False,0.5657363506183385,0.01381417753534675,0.014005936425514842,53.732460988753715,0.013022268504962225,3.5817523590495988
Feinstein2024,TIC 382043650,4770255837334959488,79.19136267635791,-54.17122930548515,29.31820754508617,24.385133851997683,6.03882607995674,0.042,0.005,0.005,association,13.563851771977776,0.011024055,2.5006409,2.2051409,0.2955,1.2860246,True,13.148357,none,05164586-5410168,9.548,0.019,0.0012620035988532,6.471823779095462e-05,9.546737996401147,5.208653171850344,False,0.5707184153165853,0.013767617814693267,0.01388608465271901,52.260616732185944,0.11555213959496934,3.424461459290664
Feinstein2024,TIC 259586708,4784133288986121728,72.294227308564,-51.29600502007757,27.225918698019605,14.971427137109568,0.934963244215097,0.042,0.005,0.005,association,10.439362576243523,0.02418144,2.9301052,2.4507052,0.4794,1.1660591,False,15.1393175,none,04491056-5117458,11.249,0.023,0.0013741791472577,7.047099587661648e-05,11.247625820852743,6.340995728900694,False,0.38827812958072516,0.00933777604211622,0.009413113523789096,126.44942131930745,0.007393970130192587,9.364504626212826
Feinstein2024,TIC 219151514,4794259344400859648,89.80533841623864,-49.95907931961167,-0.0956513632986107,-1.1027484128763438,0.4094723664601616,0.195,0.0718,0.0718,association,7.478593292985982,0.037463937,3.1075573,2.5761572999999998,0.5314,1.1244426,False,16.10415,none,05591328-4957326,12.02,0.026,0.0012368246245717,6.34293389424297e-05,12.018763175375428,6.387862753904233,False,0.3806975259088224,0.009486567913939259,0.009580974281145793,134.6091831117436,0.0030419348590819757,9.983081885840093
Feinstein2024,TIC 200340257,4812387026967964160,76.787438487826,-43.93993647049802,30.625136523688617,13.321159407529136,1.15214592302534,0.042,0.005,0.005,association,13.024201103420614,0.017048823,2.9437227,2.4773226999999998,0.4664,1.1443185,False,14.578632,none,05070893-4356239,10.702,0.023,0.0010881697671696,5.580374154814799e-05,10.70091183023283,6.274667297377832,False,0.3989536836944205,0.009521775862761095,0.00961236217315159,114.95825487132576,0.010022298305719338,8.493379410535285
Feinstein2024,TIC 14087575,4813007392044212608,76.97633052989349,-41.60170076800303,25.608223170548516,9.60537719272087,1.23664550645962,0.042,0.005,0.005,association,10.897274732992903,0.01688681,2.958601,2.540301,0.4183,1.1012446,False,14.657745,none,05075428-4136063,10.728,0.023,0.0010668634009077,5.471105919048975e-05,10.726933136599092,5.913522637124176,False,0.45820817278541814,0.010905109593535856,0.011019267640698882,76.67409019451537,0.016128597070044912,5.607397840182273
Feinstein2024,TIC 77996314,4826297841924166272,79.86720955885626,-33.1989204659351,10.727875570739853,-28.68032791837215,5.90246986869179,0.195,0.0718,0.0718,association,14.441404578918366,0.013701518,1.4285736,1.3695736,0.059,1.1546776,False,11.263555,none,05192811-3311556,8.857,0.024,0.0009627983868737,4.9374396476334455e-05,8.856037201613125,4.654084376648322,False,0.6517030164041631,0.01579733609357392,0.015924490226426613,38.557876682793214,0.15308078080258547,1.9755836907577748
Feinstein2024,TIC 77835048,4826952051342945792,77.60990327114071,-32.885208641547834,26.248773091764967,2.074936844686436,0.660524260217492,0.042,0.005,0.005,association,12.307114081305162,0.01221021,2.4747982,2.1704982,0.3043,1.2732147,True,13.4556465,none,05102635-3253070,9.696,0.033,0.0009409084120704,4.825174418278814e-05,9.695059091587929,5.145840223221853,False,0.580231403804937,0.014656059059258597,0.014760148811119977,49.45020813305576,0.01335736056843721,3.1241228227298463
Feinstein2024,TIC 170699229,4872803576007316480,67.91099583329925,-30.71414786778928,34.54796036755422,-2.053625054991125,0.66099854764274,0.042,0.005,0.005,association,12.22486337630009,0.18008628,2.6847095,2.6847095,,3.6182306,True,13.140539,none,04313859-3042509,9.291,0.021,0.0012681617878996,6.503659295776852e-05,9.2897318382121,4.725951909194265,False,0.6413842726385559,0.016117227626875175,0.01631961309353258,39.566165359318255,0.016706156425317264,2.080245234666076
Feinstein2024,TIC 231907750,4901711454686667008,6.2749972309218816,-62.61855335362171,32.415357678952624,18.63572835211916,0.75865598869528,0.035,0.005,0.005,association,11.93613263061585,0.028459534,3.0686102,3.0686102,,1.1467097,False,15.289003,none,00250593-6237070,11.287,0.023,0.0012074149558142,6.19201558513347e-05,11.285792585044186,6.670110764551334,False,0.33665264722913446,0.008191515871357913,0.008325630446729515,191.9337137850759,0.003952697906657556,31.507776459771154
Feinstein2024,TIC 80453023,4975223840049378432,11.910339066834084,-47.69605526050072,24.640525144730866,22.250794779564647,5.74507014368849,0.12,0.0,0.0,association,12.483924097662904,0.019093635,1.4068155,1.2978155,0.109,1.5292025,True,11.520679,none,00473843-4741461,9.12,0.023,0.0013812606868328,7.083459936328029e-05,9.118618739313167,4.600374336753859,False,0.6594088221482748,0.01600419327505065,0.0161613306767856,37.8049093786543,0.15196624560439537,1.8974248039246417
Feinstein2024,TIC 139526229,5068272932125221504,36.51907681765688,-29.39691945458177,3.472854236261973,9.40420712387337,7.629658333455391,0.12,0.0,0.0,association,10.921730264147204,0.01783045,1.7624722,1.5741722,0.1883,1.2652376,True,12.800742,none,02260457-2923490,9.979,0.023,0.0013735461745768,7.043844575442417e-05,9.977626453825422,5.169083686257306,False,0.576709288625998,0.014095469353268553,0.014271094665925799,50.49074158877659,0.15111004697842192,3.235321030522062
Feinstein2024,TIC 14076683,50870902621391360,58.81567399615866,19.62934261377893,22.04903248159549,-53.56802971197763,0.2685162674532635,0.1274,0.008150000000000001,0.008150000000000001,association,8.856334055771406,0.015603229,1.5576067,1.5196067,0.038,1.1268839,False,12.670413,none,03551573+1937466,9.976,0.019,0.0018484540992016,9.558615689436226e-05,9.9741515459008,4.710421493475673,False,0.6436543145379623,0.015546332653809669,0.015733582006385305,39.34434983657626,0.006824773279227984,2.057220523972097
Feinstein2024,TIC 121007796,5087228577012243200,55.31514060602706,-22.88557603983718,51.531962317129626,-15.293162075892688,3.2584293718213,0.042,0.005,0.005,association,14.004542480773807,0.017358212,1.9847984,1.9847984,,1.3557532,True,12.142096,none,03411557-2253077,9.019,0.019,0.0006496080376262,3.3313452811493146e-05,9.018350391962374,4.7496950183383415,False,0.6380508551154949,0.015396182115691714,0.01556126433948335,39.89188787157165,0.08168150332497476,2.114055612399981
Feinstein2024,TIC 121049033,5089009549627861120,56.14111814508375,-20.094023303131326,51.05468662758853,-17.9149835046611,0.555259724752517,0.042,0.005,0.005,association,14.101369815596014,0.023069777,3.0639286,3.0639286,,1.1074212,False,14.498905,none,03443381-2005381,10.485,0.023,0.0006103940386567,3.1302439629503686e-05,10.484389605961344,6.230696117627961,False,0.40611167260908265,0.009679059218778208,0.009814172990584069,107.25339560358344,0.0051770829410828015,7.909287515098855
Feinstein2024,TIC 33625968,5121805541941481472,29.321733815382117,-25.23045118472651,9.07674592701734,5.56239483633324,5.697075562540114,0.12,0.0,0.0,association,10.73913465087048,0.01654222,1.7826309,1.5901309000000001,0.1925,1.1254189,False,12.794461,none,01571719-2513496,9.849,0.019,0.0014480827907674,7.426086081677822e-05,9.847551917209232,5.00239835592034,False,0.601513235788411,0.014614527313328907,0.01473407009280625,43.462135245818125,0.13108135461633308,2.4846514655746885
Feinstein2024,TIC 14076858,51307065140124032,58.70698572231984,20.03748525884304,17.181990859253933,-40.51538535332672,8.505027959556394,0.1274,0.008150000000000001,0.008150000000000001,association,6.674512017135269,0.01956674,1.8045235,1.8045235,,0.9848976,False,13.707586,none,03544965+2002156,10.772,0.018,0.0169045428298265,0.0008694484524307,10.755095457170174,4.87719305378589,False,0.6197419521226314,0.015042804583034974,0.01510376734254082,41.68092924973145,0.20405082402550304,2.2997601998990245
Feinstein2024,TIC 423750380,5141461678818746880,29.821709375638143,-17.777208916409375,9.850665480289162,-0.6209823018248938,7.505902238508059,0.12,0.0,0.0,association,11.508539578450677,0.018164081,1.8220358,1.8220358,,1.1260546,False,12.77481,none,01591720-1746378,9.82,0.023,0.0015316629023286,7.854701175645722e-05,9.818468337097672,5.123569415167813,False,0.583551531144328,0.014204457708261842,0.014450996874803113,48.469347656218524,0.15485874272015432,3.0193016595862154
Feinstein2024,TIC 423750384,5141461683110761728,29.822690535713807,-17.779123605746484,9.606587519263735,-0.6281383449948669,7.66899757114445,0.12,0.0,0.0,association,11.496978665402676,0.016966105,2.0252438,2.0252438,,1.1328305,False,13.362337,none,01591744-1746447,10.284,0.023,0.0015318159646423,7.855478429673015e-05,10.28246818403536,5.585386811307419,False,0.5117540557626519,0.012212586773323264,0.012366706081064271,67.43742538094256,0.11372020102819148,4.938074302966852
Feinstein2024,TIC 257484419,5149427640557882368,30.742788743335563,-13.629654195693318,8.356968230268421,-2.8606554333048604,5.70503552517416,0.12,0.0,0.0,association,12.457245945018451,0.021523552,1.5767565,1.5767565,,1.3249682,True,11.9716,none,02025825-1337467,9.364,0.025,0.0012118705967335,6.214735421285639e-05,9.362788129403267,4.839898323729448,False,0.6250782561757794,0.015297065505793572,0.015480033351136124,41.159496110823845,0.13860800214397884,2.245634830217095
Feinstein2024,TIC 14109537,51783737790828800,59.0358345953299,21.763115818076656,15.343851424550046,-36.23851441578484,2.799363208519741,0.1274,0.008150000000000001,0.008150000000000001,association,5.876640954302682,0.02164271,1.8220863,1.7565863,0.0655,1.0527575,False,14.118437,none,03560857+2145479,11.055,0.018,0.022358937749874,0.0011467263482439,11.032641062250125,4.8782868492162965,False,0.6195706956321645,0.01502720275277436,0.01516914641249234,41.697663455371355,0.06713477390683713,2.301497230016617
Feinstein2024,TIC 394588883,5199197588443014272,157.02245865460577,-79.93145305977202,-16.983780872316604,-1.165437940859714,1.2363705915925194,0.030199999999999998,0.004900000000000001,0.004900000000000001,association,4.9445968330142165,0.034688935,2.8830824,2.3572824,0.5258,1.013966,False,16.047358,none,10280549-7955530,12.059,0.031,0.0194398913559546,0.0010598164372915,12.039560108644045,5.510214540448265,False,0.5236929518303368,0.013091787442795155,0.013393650730645579,65.37796580926691,0.01891112053255826,4.78883810212079
Feinstein2024,TIC 454258229,5201181313576638208,165.92389781780724,-77.44780120086716,-23.448572039460636,1.831333320582188,1.696939943061658,0.005,0.001,0.001,association,5.206145432709575,0.08957263,4.5905914,4.5905914,,1.1496785,False,17.328808,none,11034186-7726520,11.687,0.027,0.1428389620805111,0.0152751242808902,11.544161037919489,5.126742517312904,False,0.58297863248953,0.015531976352661347,0.01583079100671536,48.638598287378855,0.03488875096760332,3.0373888885448395
Feinstein2024,TIC 454241704,5201194816953813504,165.30657485347598,-77.37742807042777,-23.54773557021112,2.761349082309492,1.584440759997911,0.005,0.001,0.001,association,5.273218485163201,0.05637481,3.815855,3.815855,,1.0601871,False,16.745607,none,11011370-7722387,12.093,0.024,0.0874637314637487,0.029078972273369,12.005536268536252,5.615915097633367,False,0.5067684052503447,0.013457623781432781,0.013691829126327826,68.29745009431555,0.023199120286480288,5.000394934370691
Feinstein2024,TIC 454291263,5201214367644997376,166.3440406897753,-77.15804383958667,-22.341538328652693,0.6501375374823356,1.6102308358434896,0.005,0.001,0.001,association,5.211589092420442,0.060469363,4.089323,4.089323,,0.9742798,False,16.932386,none,11052272-7709290,11.874,0.024,0.1287459039540496,0.0083653684397297,11.74525409604595,5.330104928323395,False,0.5520852805253164,0.01404021897079244,0.014191454456791819,57.76537712480655,0.027875362647844605,4.012736143415013
Feinstein2024,TIC 454327994,5201258863507239424,167.27080599466737,-77.16611043594412,-23.12072617579939,1.784841240382798,0.8634829151067271,0.005,0.001,0.001,association,5.396354976097882,0.028587082,3.4892778,3.4892778,,1.0646855,False,15.475511,none,11090512-7709580,10.96,0.021,0.0400946904925473,0.007090123994845,10.919905309507454,4.5804078602164715,False,0.6622083851133476,0.016078693196394878,0.016307225401801406,37.531352083210045,0.02300697595952087,1.8690292367074752
Feinstein2024,TIC 454364316,5201291951935430144,168.2021120503315,-76.78517121679755,-22.314066289416147,-0.1385879483091232,2.7728069027848656,0.005,0.001,0.001,association,5.2869483934837405,0.023787674,2.9796543,2.4523543,0.5273,1.0346705,False,15.196201,none,11124861-7647066,11.196,0.019,0.052600771423267,0.0041599615975671,11.143399228576733,4.75942458471178,False,0.6366568820275476,0.015471474021919396,0.01550322758344469,40.02809895616536,0.06927151114074534,2.1281944822920176
Feinstein2024,TIC 454327459,5201356337787287552,167.21170753110127,-76.4204676847707,-22.020488360548647,-0.1576583825207609,2.420849823234248,0.005,0.001,0.001,association,5.201748232755889,0.041612484,3.6758738,3.6758738,,1.0478127,False,16.120678,none,11085090-7625135,11.303,0.021,0.057171478883863,0.0033350963807731,11.245828521116138,4.826575162596413,False,0.6270122141312297,0.015468936232012953,0.015555647253941207,40.97052079060556,0.05908760192741662,2.2260189709546707
Feinstein2024,TIC 394238292,5201664579001450880,149.619910240505,-80.98218343227678,-19.28178976053037,0.9757710696568171,1.378895554746718,0.030199999999999998,0.004900000000000001,0.004900000000000001,association,5.743772016120839,0.023786891,2.626958,2.269858,0.3571,1.108089,False,15.387158,none,09582888-8058559,11.669,0.027,0.0038499828679106,0.0002524506243794,11.66515001713209,5.461135984144477,False,0.5315452985016037,0.013026961224117839,0.013215778734319006,63.83347467124052,0.021601449111902482,4.661212718735084
Feinstein2024,TIC 324119045,5202084081343379328,147.97940702514708,-79.50491702141625,-15.620433065927264,1.896682312627953,1.4552289585250815,0.030199999999999998,0.004900000000000001,0.004900000000000001,association,4.6610554487725,0.033480648,2.824666,2.329266,0.4954,0.9799533,False,16.076971,none,09515519-7930177,12.144,0.026,0.0373314103294231,0.0019512398368251,12.106668589670576,5.449089936722142,False,0.5334011465891904,0.013176316178632685,0.013400207524282837,63.285204121936346,0.02299477387670557,4.60262094339842
Feinstein2024,TIC 287978226,5216534069313881472,131.93396941608896,-75.21113457432598,-16.63177800466544,6.539406660464701,1.8823380462216344,0.030199999999999998,0.004900000000000001,0.004900000000000001,association,5.120687428638205,0.027108401,2.7498302,2.3177301999999997,0.4321,1.0335127,False,15.716635,none,08474423-7512401,11.872,0.027,0.0124684231404771,0.0007315419474131,11.859531576859522,5.406172911449747,False,0.5402043705388255,0.01331681740867574,0.013496891409507494,61.27533738938698,0.030719342012919853,4.387833444417081
Feinstein2024,TIC 281975533,5216817330997074304,130.03235305841577,-74.35888468141577,-16.529543642190433,6.887869572374,4.386128962558068,0.030199999999999998,0.004900000000000001,0.004900000000000001,association,5.138114614247896,0.02367143,2.5350695,2.1779695,0.3571,1.0330377,False,15.43871,none,08400782-7421319,11.805,0.023,0.0118570750020214,0.0006869575073764,11.793142924997978,5.347161863517105,False,0.5494547996763246,0.01334875228686272,0.013520417980909305,58.542496324194396,0.07492213755745453,4.095784181647467
Feinstein2024,TIC 282050150,5217170892705584512,132.4898585488278,-74.04768092690506,-15.944691746021284,5.9782420576590285,1.5529255561448925,0.030199999999999998,0.004900000000000001,0.004900000000000001,association,4.735523384332441,0.029790001,2.7262354,2.3562354,0.37,0.9930609,False,15.98839,none,08495759-7402517,12.176,0.027,0.0099252175835883,0.0005176117525831,12.166074782416413,5.542914710058945,False,0.5185626124147555,0.012768563486684426,0.012960285234890456,66.26294935845468,0.023435804943486873,4.852967344815556
Feinstein2024,TIC 454757744,5226532233485499136,175.87291689300022,-74.31051901719663,-41.1605494272208,-3.0938205412769344,1.94041232590044,0.015,0.003,0.003,association,10.010997186866206,0.015309337,2.7831383,2.3854383,0.3977,1.192843,False,14.149087,none,11432968-7418377,10.366,0.019,0.0024547833124704,0.000125897255291,10.363545216687529,5.365931913366689,False,0.546532776883274,0.01300726724945267,0.01317429778571666,59.405745343627075,0.03266371484233222,4.188036615542352
Feinstein2024,TIC 316802745,5237584116368377088,172.0384969271886,-64.42029680165129,-23.20902024132848,9.214731500550316,5.842173327835132,0.0525,0.0029500000000000004,0.0029500000000000004,association,7.116277230262603,0.016288947,2.3849773,2.0706773,0.3143,1.075516,False,14.394236,none,11280932-6425132,10.89,0.021,0.0069136623345249,0.000377288811286,10.883086337665477,5.144350630866018,False,0.58043671552511,0.01410209648305294,0.014335546614495764,49.3895531848675,0.11828763273009564,3.1176408384215266
Feinstein2024,TIC 370825476,5244271552233795200,145.1522693110389,-67.75457174511493,-36.07359143902556,23.88830586241521,3.33060437329923,0.045,0.009,0.009,association,13.104116117978352,0.049178127,3.8145533,3.8145533,,1.1075921,False,16.45553,none,09403665-6745167,11.824,0.024,0.0016603812379707,8.515078699557617e-05,11.82233961876203,7.409378282744621,False,0.2368554708195451,0.005924014206845102,0.00598997509227725,211.4654647948611,0.015750110196623313,41.032878700720346
Feinstein2024,TIC 378126824,5252895434280467072,155.1854080376823,-63.18923167696848,-43.22910375730855,15.403878447848808,2.81271478080202,0.045,0.009,0.009,association,14.3639312968106,0.2707144,2.8500233,2.8500233,,7.0362597,True,13.525417,none,10204460-6311214,9.488,0.024,0.0013673298008109,7.026538826595688e-05,9.486632670199189,5.272999266265174,False,0.5607758237948446,0.01495718365488663,0.015223925558153217,55.197942341751634,0.05095687740291883,3.7383632773341926
Feinstein2024,TIC 378413560,5253033285548628864,155.3143691772728,-62.43446877577446,-38.46726365662618,11.711996617138851,0.401886164925465,0.045,0.009,0.009,association,12.102421615913403,0.025088647,3.0033035,3.0033035,,2.114056,True,13.594424,none,10211553-6226042,9.564,0.019,0.0013650877233888,7.000705931014918e-05,9.56263491227661,4.976996304851776,False,0.6052307595670405,0.01472786165954465,0.014815640978940503,43.09888006516346,0.009324747286190085,2.4469451529628743
Feinstein2024,TIC 444536794,5257836605156299776,147.5024764093405,-58.471782687256514,-36.19099220602979,12.819545856723607,1.03356398829914,0.045,0.009,0.009,association,12.876455984232129,0.015610447,2.8780289,2.4769289,0.4011,1.1628884,False,14.234515,none,09500066-5828186,10.393,0.021,0.0013224228334479,6.781697815936749e-05,10.391677577166552,5.940659315312033,False,0.4537497524124511,0.010649331492692593,0.010778331114001005,77.4431677088522,0.013346096484390033,5.663128094844361
Feinstein2024,TIC 307573001,5270025516164009728,126.7822951688298,-69.29011714282241,-16.401469859094863,7.245403178311839,1.057116189716698,0.030199999999999998,0.004900000000000001,0.004900000000000001,association,4.900692155377253,0.029412841,2.7411594,2.3829594,0.3582,1.071688,False,15.994015,none,08270780-6917246,12.261,0.029,0.003473341666371,0.0002038223638065,12.257526658333628,5.708813770753958,False,0.49181056342683405,0.012216205637881561,0.01231673228572927,70.87767780887114,0.014914656100434319,5.187367957164574
Feinstein2024,TIC 306927574,5271426397057175936,122.7996180195178,-66.9443408693292,-14.6873861860148,28.590750854712663,1.42775772922056,0.045,0.009,0.009,association,10.448721095419293,0.018571312,2.994896,2.4428959999999997,0.552,1.1073979,False,14.798535,none,08111195-6656400,10.886,0.023,0.0013095345058701,6.71563331715161e-05,10.88469046549413,5.980006149694962,False,0.4472275337158558,0.01058709246434908,0.01079264691973636,78.56825043401489,0.018172197055853427,5.744655828551803
Feinstein2024,TIC 308542808,5277462269217606400,121.02207693456388,-63.27752608959947,-17.254493876971424,32.39440314936876,3.95605427681787,0.045,0.009,0.009,association,12.811255627818744,0.01326386,2.35322,2.07562,0.2776,1.2435535,True,12.582688,none,08040534-6316396,9.07,0.025,0.0014927688803414,7.65523635607207e-05,9.068507231119659,4.606465715717086,False,0.6584929730201863,0.015941377102855703,0.016206412625636823,37.894400922027515,0.1043968021808274,1.9067141307952538
Feinstein2024,TIC 356460403,5298428169260191104,134.5305189117851,-61.22254107872422,-30.54490027731524,24.97529521594392,0.847869469710063,0.045,0.009,0.009,association,14.199106802758692,0.013958052,2.867486,2.867486,,1.1490566,False,13.9625845,none,08580740-6113215,10.147,0.047,0.0015099359736455,7.74331442155402e-05,10.145490064026355,5.906795193394563,False,0.4592617592622176,0.012757129213509133,0.012970230670307004,76.49234652726747,0.011084369982136974,5.59422800922228
Feinstein2024,TIC 355373774,5300961615845927936,131.08297342838307,-61.97835692439418,-19.72470067330233,24.242803644585603,0.576823317630414,0.045,0.009,0.009,association,10.7825737438141,0.034415733,3.3055058,2.7926058,0.5129,1.0567547,False,15.924495,none,08441995-6158424,11.738,0.024,0.0016025772580296,8.218606064047398e-05,11.73639742274197,6.900009607943449,False,0.30284606015582183,0.007481759135927746,0.00761282706033356,236.05553573913303,0.0024435915718912277,48.250488707829234
Feinstein2024,TIC 332469864,5368857695815548672,179.86464536248772,-52.57180639840733,-33.656517001241035,-8.525109781758667,1.93008355615722,0.015,0.003,0.003,association,8.28147685615848,0.02236308,2.8337793,2.4115792999999996,0.4222,1.1484219,False,14.769961,none,11592757-5234183,10.866,0.021,0.0022064016765837,0.0001131638697121,10.863793598323417,5.454332560802419,False,0.5326600236654839,0.012752588343694082,0.012856996796328013,63.5041530085399,0.03039302887635816,4.6260192528468655
Feinstein2024,TIC 92002749,5372905513514424320,172.03772682059602,-50.30314056646762,-48.99797862719984,3.352248478853849,0.522602522020397,0.05,0.02,0.02,association,8.5357729247321,0.017729163,2.5376701,2.2332701000000004,0.3044,1.1387204,False,14.436768,none,11280913-5018113,10.828,0.021,0.0014967662933373,7.67678446991793e-05,10.826503233706662,5.482717499359744,False,0.5281979158960062,0.012616929832883206,0.012711360455142984,64.60085950793895,0.00808971468802475,4.7325260512999225
Feinstein2024,TIC 389253973,5378040370245563008,179.8657710718773,-45.17209389925917,-56.4472165204997,-18.33972434466537,0.8863584270421726,0.01,0.003,0.003,association,13.840656946277466,0.0937181,3.0309114,3.0309114,,6.8879166,True,13.059795,none,11592786-4510192,9.065,0.023,0.0016487317447497,8.456105913082271e-05,9.06335126825525,4.769134790163871,False,0.6351955654566241,0.015551434446038348,0.015784052768729517,40.17089046109559,0.02206469453049806,2.143016407511384
Feinstein2024,TIC 178342789,5388223462827045248,164.32787949659902,-43.49937796702308,-49.8053898991593,-1.4536508295586787,9.898598580393225,0.05,0.02,0.02,association,8.598895370848586,0.01196257,1.7201805,1.7201805,,1.0629038,False,13.105634,none,10571876-4329577,10.295,0.021,0.0014239577497099,7.302448681812765e-05,10.29357604225029,4.965789365237054,False,0.6068313102717247,0.014784066171949384,0.01500949432750065,42.94248339630576,0.23050829382738441,2.430710995815364
Feinstein2024,TIC 35602999,5418346439299020288,148.61717753499138,-42.5956883294921,-35.37774428430978,13.16095753498045,1.0613705477785462,0.05,0.02,0.02,association,7.224974152237596,0.036344644,2.9981108,2.5665108,0.4316,1.0449339,False,16.13992,none,09542817-4235447,12.213,0.026,0.0014667425787592,7.641033479745274e-05,12.21153325742124,6.505714746010073,False,0.3620177617575746,0.009099503546960597,0.009208375605134489,158.82906868614543,0.006682470385039341,18.945703489561172
Feinstein2024,TIC 76906770,5422778742469774848,140.93181771255166,-46.19771550008441,-25.23893731380096,13.668487186172449,5.23135897810567,0.05,0.02,0.02,association,5.481367853158562,0.015456161,1.77139,1.57219,0.1992,0.9979278,False,13.952695,none,09234367-4611519,10.981,0.019,0.0028922717097919,0.0001489908135676,10.978107728290208,4.672552470484984,False,0.6490323500104989,0.015704445197238237,0.01578995845974196,38.81883894183126,0.13476340665275147,2.00267187846494
Feinstein2024,TIC 75639216,5423963981647184896,139.3833628831952,-44.24167722295503,-24.72024457537605,13.529607274639218,1.06283577373797,0.05,0.02,0.02,association,5.489797608079382,0.015313693,1.9566088,0.8665087999999999,1.0901,0.9931638,False,14.263959,none,09173204-4414302,11.138,0.023,0.0028293145636296,0.0001468159803471,11.13517068543637,4.832952353666299,False,0.6261169918937647,0.015304492450093132,0.01540086035165511,41.057996792095,0.025886206263784413,2.235099082220387
Feinstein2024,TIC 76576430,5424477694093494400,140.66161508769108,-42.752897299478114,-32.11380276067231,15.172723542706253,0.304764677247507,0.05,0.02,0.02,association,7.294489582123807,0.018931722,2.577674,2.256874,0.3208,1.0424438,False,14.816721,none,09223883-4245107,11.131,0.019,0.0016459844673273,8.47807848785958e-05,11.129354015532673,5.444328557391172,False,0.5342368208331396,0.012698536145038908,0.012810825475486398,63.038322073866766,0.004834593739509614,4.576237513696593
Feinstein2024,TIC 78774802,5425030920239092864,143.41633969489914,-43.00574367758144,-31.335443246787666,14.303050362315776,7.5581394174256,0.05,0.02,0.02,association,6.8338405674290605,0.014425833,2.0991507,1.8606507,0.2385,1.024979,False,14.047561,none,09333997-4300209,10.75,0.024,0.0018177659309527,9.339737870251715e-05,10.748182234069047,4.921506446817741,False,0.6132692143892138,0.015062101438018338,0.015204998066887576,42.31340819396825,0.17862279925026242,2.36541225405226
Feinstein2024,TIC 78009666,5425764981691642752,142.38600688500406,-42.74066755602435,-27.87499859245424,13.390558811939478,1.26895378487859,0.05,0.02,0.02,association,6.098375552528511,0.030413404,2.648363,2.2878629999999998,0.3605,1.082832,False,15.638322,none,09293267-4244266,11.903,0.019,0.0022255974307782,0.0001152975684008,11.900774402569223,5.826845231289859,False,0.47249032587955586,0.01114023065773112,0.011296090003744597,74.21041878577662,0.017099402019838773,5.428870926505552
Feinstein2024,TIC 77849188,5425770066932742400,142.20975034191164,-42.62003202822901,-28.30269485615209,13.88007789029099,1.35625963698934,0.05,0.02,0.02,association,6.268362256913509,0.03933422,2.9220943,2.4919943,0.4301,1.0368255,False,16.150501,none,09285038-4237123,12.279,0.026,0.0020891250394778,0.000108270679621,12.276910874960523,6.262681309821106,False,0.4008808209082375,0.009970023580240461,0.010112962377313017,112.88388437437315,0.012014643582704685,8.336125013887818
Feinstein2024,TIC 78287341,5425872184073924992,142.7190782662127,-42.29533366901873,-29.336123843905376,13.964427646465769,1.10759141027703,0.05,0.02,0.02,association,6.446243535856585,0.030067086,2.7277431,2.3738431,0.3539,1.0812097,False,15.64925,none,09305262-4217434,11.899,0.024,0.0020350518051329,0.0001046856124201,11.896964948194865,5.943498492767674,False,0.45327520616929806,0.010902474249197214,0.011099816274344365,77.52502693579609,0.014286888428872189,5.669059922883775
Feinstein2024,TIC 5621550,5426782167383257344,143.20455023097708,-39.41278897159763,-43.37600460647948,19.06789181841254,1.92330743079967,0.05,0.02,0.02,association,9.856998178935532,0.022325253,2.837163,2.4498629999999997,0.3873,1.055957,False,15.134903,none,09324915-3924463,11.288,0.021,0.0010860084184902,5.569348377754003e-05,11.28691399158151,6.255637373177844,False,0.4020614842908933,0.009478611588881969,0.009602409879533147,111.6130183092825,0.01723192742149609,8.239782881863107
Feinstein2024,TIC 44517110,5432743478910701312,145.60564831064403,-38.0848239195368,-44.14837534518455,19.64467987109896,2.198411093907692,0.05,0.02,0.02,association,9.561168697679555,0.03787503,2.9102564,2.4954564,0.4148,1.476751,True,15.582947,none,09422541-3805055,11.703,0.027,0.0009931248256308,5.093255653168733e-05,11.70200687517437,6.604561780033718,False,0.3466534996442344,0.008701011431962502,0.008838354855476849,178.88135127681855,0.01228977240062132,26.5548543011929
Feinstein2024,TIC 167796747,5479559378348931200,104.45156893220054,-60.37292010056206,-5.26634875868437,15.92893368770836,2.47046617970258,0.195,0.0718,0.0718,association,9.163278126655852,0.018659309,2.5436373,2.2382372999999998,0.3054,1.110589,False,14.707083,none,06574839-6022228,11.112,0.025,0.0013331727736307,6.836827495808436e-05,11.11066682722637,5.920921170254845,False,0.45699951217936113,0.010986164641781981,0.011104578343720528,76.88258414906021,0.03213297532914388,5.622506097757986
Feinstein2024,TIC 260640943,5482771051813336448,97.8536277617467,-58.81331701991268,-3.717880403701008,10.306753915993678,0.659034235600276,0.195,0.0718,0.0718,association,6.934355118663652,0.03240657,2.8711138,2.4972138,0.3739,1.0251154,False,16.163368,none,06312488-5848480,12.317,0.021,0.0010974734254891,5.628361550791584e-05,12.315902526574511,6.52093292036338,False,0.3596373024695185,0.008661946401558929,0.008799974527508025,161.93586561446966,0.00406972373352595,20.12462595197095
Feinstein2024,TIC 279482019,5484160078596625408,105.4686074710016,-56.7571460914777,-13.571694515832988,12.620814469233842,4.263297853119964,0.030199999999999998,0.004900000000000001,0.004900000000000001,association,5.432200443857496,0.022961227,2.6277685,2.2732685000000004,0.3545,1.0983127,False,15.379287,none,07015249-5645259,11.702,0.027,0.0015939136317318,8.203445048456458e-05,11.700406086368268,5.375285019806299,False,0.5450718560653115,0.013448715116242016,0.01360553065950132,59.837343093847984,0.07124811418236722,4.234159972795166
Feinstein2024,TIC 279426258,5484245599985272704,104.87700822583496,-56.30456100305826,-7.833981514048743,3.1000167490229176,0.596345131170989,0.195,0.0718,0.0718,association,6.895195145756334,0.01874871,2.4383726,2.1750726,0.2633,1.005103,False,15.077566,none,06593049-5618165,11.579,0.024,0.0013477806265454,6.91199225685765e-05,11.577652219373455,5.770385029166906,False,0.4817174909345023,0.011486919563947429,0.01168311420369439,72.61873281379836,0.0082120013399308,5.313531363318722
Feinstein2024,TIC 279215788,5485167574845066496,103.55137503086,-55.66550970578017,-14.304303839856722,14.296872516455704,0.7427137130802884,0.030199999999999998,0.004900000000000001,0.004900000000000001,association,5.882438038720805,0.029154882,2.8086195,2.4093194999999996,0.3993,0.91280013,False,15.75006,none,06541234-5539561,11.962,0.025,0.0013197465152531,6.775297340690267e-05,11.960680253484746,5.808467060150992,False,0.475497089112754,0.011496771779545,0.01163356935020926,73.69175212804994,0.010078654552679346,5.391286386090575
Feinstein2024,TIC 279246259,5485319341809870208,103.65929420539514,-55.286822275952815,-17.347786437115452,17.340789320170934,1.357886938130371,0.030199999999999998,0.004900000000000001,0.004900000000000001,association,7.34931100460166,0.021205219,2.8215342,2.4324342,0.3891,1.0290582,False,15.281736,none,06543826-5517128,11.429,0.023,0.0012865174559577,6.597831856283107e-05,11.427713482544043,5.758946612709693,False,0.483557726852391,0.01147632454571873,0.01167447848971137,72.30129211796256,0.018780949805363396,5.290528414345112
Feinstein2024,TIC 294325822,5486966341508992256,108.9441358840562,-56.72709838556935,-9.051269481707084,10.342261522830263,2.08802993872422,0.195,0.0718,0.0718,association,8.632201696534437,0.01472309,2.31783,2.0724299999999998,0.2454,1.0815517,False,14.378071,none,07154660-5643377,10.954,0.023,0.0016999671761959,8.717815701503189e-05,10.952300032823805,5.6329079295371365,False,0.5040890841100275,0.01197161204731989,0.012132345174582837,68.75963299102027,0.03036708964105303,5.033886448624656
Feinstein2024,TIC 279574516,5491101501662087040,106.19108266301508,-54.94948755293912,-7.139128392368945,5.777431962477212,2.02265358794025,0.195,0.0718,0.0718,association,6.6698361638072186,0.02711777,2.5583248,2.2195248,0.3388,1.0231644,False,15.4456625,none,07044587-5456582,11.818,0.026,0.0014747111414279,7.563051202013234e-05,11.816525288858571,5.937101119589482,False,0.4543201429488797,0.011028929677530774,0.011181621048171553,77.34477534131827,0.026151134048995425,5.655998213139004
Feinstein2024,TIC 294157334,5491212311818226816,107.97013884976484,-54.371460931583904,-18.90517886397917,12.658445369930645,2.327340663925137,0.030199999999999998,0.004900000000000001,0.004900000000000001,association,6.334351642906853,0.02514797,2.6634073,2.3285073,0.3349,1.0427157,False,15.286633,none,07115286-5422174,11.57,0.019,0.0015947480896921,8.179750714233434e-05,11.568405251910308,5.576916096770102,False,0.5131057495021272,0.012120066089944426,0.012262088033102247,67.20425821088307,0.03463085116752687,4.92117813122341
Feinstein2024,TIC 279575230,5491421219027174656,106.1446213180383,-53.99089282510691,-3.3700142463477585,5.087992787185884,6.42567166518172,0.195,0.0718,0.0718,association,5.085316382965929,0.012588313,1.7002459,1.5255459,0.1747,0.97053355,False,14.178607,none,07043471-5359273,11.403,0.021,0.0016889560127473,8.668976249863508e-05,11.401311043987253,4.932900932642825,False,0.6116566349312665,0.014906038023890789,0.015120328446685871,42.470980243859096,0.15129558178989314,2.381768417125725
Feinstein2024,TIC 445452650,5493720881958287488,112.83697474313962,-50.65009879261131,-7.358098976203857,3.570612220384544,2.129642412767,0.195,0.0718,0.0718,association,4.9742631812559415,0.013026115,1.654726,1.553826,0.1009,0.92319393,False,14.11973,none,07312088-5039004,11.341,0.023,0.002559820572904,0.0001321922452125,11.338440179427096,4.822083976681588,False,0.627713774230004,0.015381901142331511,0.01550253411001734,40.901968346668184,0.052066990877236784,2.2189031470956744
Feinstein2024,TIC 319558877,5498237297765443456,100.7639986649343,-53.62423774174183,-6.199001380345078,0.6925199619893339,0.61941107280237,0.195,0.0718,0.0718,association,8.399805626733427,0.010347039,1.8383207,1.6434206999999998,0.1949,1.0646621,False,13.369412,none,06430337-5337271,10.356,0.021,0.0011827032126855,6.065161641573919e-05,10.354817296787314,4.97616347935042,False,0.6053133434495515,0.01472341348406181,0.014951224311595679,43.090810440072396,0.014374551475744518,2.4461075164402635
Feinstein2024,TIC 238028383,5498573920122510976,103.35112248578103,-52.54056703405533,-7.958581939151349,2.1976409873777825,1.28735505650652,0.195,0.0718,0.0718,association,6.828491124972194,0.026069764,2.5525227,2.2571227,0.2954,1.0314282,False,15.82029,none,06532427-5232260,12.184,0.027,0.0012772387408757,6.550803422601396e-05,12.182722761259123,6.354346507710185,False,0.38606130623630386,0.009611174482990092,0.009730714502951487,128.83560996724253,0.009992230073920092,9.545397411117605
Feinstein2024,TIC 238036031,5498602919742073088,103.6569718304643,-52.35386105599333,-3.770633581415448,7.489319611298528,5.27645462453563,0.195,0.0718,0.0718,association,7.405492749437187,0.010951681,1.8467236,1.6511236,0.1956,1.0348077,False,13.7371645,none,06543768-5221139,10.785,0.023,0.001281566349075,6.572178186884559e-05,10.783718433650925,5.131488238984883,False,0.582368995647202,0.014224294214330802,0.014377187591626872,48.818702428798034,0.10808264787929026,3.0566359945669075
Feinstein2024,TIC 260473548,5499683980189548800,96.1498378669581,-54.32466808017622,1.567634364718678,10.218198611915758,0.41501433954942,0.195,0.0718,0.0718,association,6.74069791021414,0.010629305,1.5286274,1.0376273999999999,0.491,0.98800397,False,13.150001,none,06243597-5419289,10.46,0.023,0.001129571660872,5.792715428785528e-05,10.458870428339129,4.602394749935161,False,0.6590777087176156,0.015947389479174956,0.016100241967092033,37.837263891021564,0.010968402491912188,1.9007832401498992
Feinstein2024,TIC 255559790,5500734868491020672,96.0220804344358,-53.267160916814845,-2.3910305979243285,4.6298551365378495,1.37089367227032,0.195,0.0718,0.0718,association,6.23131854204774,0.031323113,2.4882984,2.2195984,0.2687,1.0169475,False,15.690178,none,06240529-5316017,12.122,0.025,0.0012338870360662,6.32831129962163e-05,12.120766112963933,6.093665876714523,False,0.4285429161013816,0.010429033743150073,0.010551350788519154,83.10840510847282,0.016495247026832412,6.078898046127259
Feinstein2024,TIC 255585808,5501127020482099712,96.73194996960976,-51.572013315215465,-3.972650061085237,-0.350911795644772,2.01821495990489,0.195,0.0718,0.0718,association,6.429774538522555,0.021869924,2.4681072,2.1664072,0.3017,1.0251845,False,15.402079,none,06265568-5134192,11.885,0.024,0.0012263853985291,6.289404698857012e-05,11.88377361460147,5.924752337393457,False,0.4563620952538292,0.010959267507979376,0.011083909105536083,76.99253856871447,0.026213123991277017,5.630473809327135
Feinstein2024,TIC 255639125,5501176635943983104,98.099456314743,-53.8057297834689,-6.213426305906401,5.972617931647877,10.8579719313087,0.195,0.0718,0.0718,association,6.91287979465032,0.010995976,1.5410109,1.3844109,0.1566,1.0842682,False,12.98709,none,06322387-5348207,10.42,0.019,0.0011947889006856,6.127213433138802e-05,10.418805211099315,4.617100236959521,False,0.6570318269792623,0.015824288952460464,0.01591885841925278,38.037175763740656,0.2854568382981572,1.9215343263531968
Feinstein2024,TIC 319558212,5501353073200480768,100.60372648569762,-52.58046146527512,-3.6028640079933245,9.852059818363472,3.28059725195864,0.195,0.0718,0.0718,association,8.281948192573836,0.019880585,2.3998308,2.0988308,0.301,1.0082029,False,14.837068,none,06422488-5234497,11.391,0.023,0.001148470331901,5.8896712405090594e-05,11.3898515296681,5.980514076975581,False,0.4472114779349044,0.010629664992569565,0.010777703271589778,78.571020056229,0.041753273021158374,5.744856525813695
Feinstein2024,TIC 319557917,5501802532938604288,100.62495259700214,-52.08278950067884,-13.38889813231621,14.919890699757032,1.993715301723842,0.030199999999999998,0.004900000000000001,0.004900000000000001,association,5.999479421536979,0.026614225,2.6581087,2.3014087,0.3567,1.097555,False,15.204296,none,06423000-5204581,11.491,0.023,0.0012330029913836,6.32542646708586e-05,11.489766997008616,5.380334837124881,False,0.5442501667343198,0.01318117634224869,0.01339684527860674,60.08009359906096,0.033184290873924396,4.260101878816475
Feinstein2024,TIC 319609891,5502022297825142144,100.9537823150958,-51.51275132476687,-13.839111759453193,14.373517274315947,4.397742135943923,0.030199999999999998,0.004900000000000001,0.004900000000000001,association,5.914958695017098,0.013614112,2.2018394,1.9425393999999998,0.2593,1.0598254,False,14.431849,none,06434892-5130461,11.067,0.025,0.0012664725874033,6.494999334202434e-05,11.065733527412597,4.925492108590092,False,0.6127151673094136,0.015084970186838853,0.015303984615974264,42.367546508623015,0.10379978304971839,2.371031874433091
Feinstein2024,TIC 238010084,5502165161321519488,102.59970122342862,-50.64661076196735,-5.669323763297552,1.700373476240988,1.73377549079479,0.195,0.0718,0.0718,association,5.802080143020412,0.028164864,2.4533691,2.1827691000000002,0.2706,1.1039326,False,15.757338,none,06502393-5038478,12.219,0.026,0.0013915938260258,7.140995056916352e-05,12.217608406173973,6.035527022846345,False,0.43814688786929684,0.010715561452347866,0.010846265345533235,80.1346618425463,0.021635774718827952,5.858163901633789
Feinstein2024,TIC 237984546,5503058724973354368,102.40784453898392,-49.71009591880685,-3.2683885747350088,6.642402738660628,3.135992147515,0.195,0.0718,0.0718,association,5.964913409916367,0.014326076,1.9847927,1.7076927,0.2771,1.0144235,False,14.391957,none,06493788-4942364,11.244,0.023,0.0014360520649627,7.3653705988772e-05,11.242563947935038,5.120584665864193,False,0.5839996243973267,0.014264218821841479,0.014485251360142337,48.33696810661835,0.06487771720803516,3.005154715455829
Feinstein2024,TIC 238011901,5503303160152397312,102.7206905607932,-49.05351532931091,-2.508561697995513,5.893431353962631,3.72525196129382,0.195,0.0718,0.0718,association,5.60320909760978,0.03285554,2.399804,2.116604,0.2832,1.6038884,True,15.368394,none,06505296-4903127,11.814,0.019,0.0015180826006772,7.798041434876231e-05,11.812481917399323,5.554666065114365,False,0.5166777467601136,0.012351270322183083,0.012466073679671674,66.58808868388041,0.055944719767810756,4.876528165498581
Feinstein2024,TIC 380024781,5504182700735898752,109.544832331864,-51.389540071755626,-12.253038439138296,9.852393038777825,4.94015518181042,0.030199999999999998,0.004900000000000001,0.004900000000000001,association,4.488324771094498,0.016934548,2.0019503,1.6740502999999998,0.3279,0.94276536,False,14.522353,none,07181077-5123225,11.335,0.024,0.0028134317964735,0.0001453423408952,11.332186568203527,4.592607940895821,False,0.6604658976409497,0.016008816786511226,0.016212496272039578,37.7016180019415,0.13103297533692107,1.8867030382132253
Feinstein2024,TIC 238091678,5504561138893574144,105.17211051805825,-52.32358625827505,-6.232373284481341,10.012911214638466,0.781612852504945,0.195,0.0718,0.0718,association,9.3042301472969,0.020116618,2.6250181,2.3216181000000002,0.3034,1.1069177,False,14.873011,none,07004132-5219251,11.193,0.019,0.0013349434890571,6.845919983440613e-05,11.191665056510942,6.035067278819302,False,0.43822442237823556,0.01023176859193925,0.010336596002356702,80.12128713975437,0.009755370643778967,5.857194720272055
Feinstein2024,TIC 344138787,5505581176447311488,108.30696662040782,-49.19461898788843,-15.725141499943406,-3.536489882801091,0.761574350723721,0.195,0.0718,0.0718,association,9.058644444928868,0.028243164,2.894391,2.513691,0.3807,0.9933699,False,16.02629,none,07131369-4911405,12.204,0.032,0.0015052381159614,7.71922475736537e-05,12.20249476188404,6.9878108307686375,False,0.29057161827142036,0.00775853078206179,0.007895021856305862,235.54372789016418,0.0032332610065458796,48.37184734633281
Feinstein2024,TIC 238097299,5508339232645845248,105.31667852881723,-49.293477658945335,-6.774612034214758,6.851003826343977,6.37299550644902,0.195,0.0718,0.0718,association,8.4937880624833,0.02712598,2.6658068,2.6658068,,1.6499083,True,14.85073,none,07011601-4917366,11.16,0.023,0.0013691038110879,7.021350282659774e-05,11.158630896188912,5.804137997426462,False,0.47619406147621646,0.011339194998530921,0.011473742324058511,73.57152439535267,0.0866231270702281,5.382574231547294
Feinstein2024,TIC 238160371,5508377303235673728,106.28573221101024,-48.73052696892304,-10.063779250855454,3.953702131278248,9.80769833610061,0.195,0.0718,0.0718,association,6.88417856036424,0.013503579,2.0187826,2.0187826,,1.1308607,False,14.121012,none,07050859-4843499,10.984,0.019,0.001505228012387,7.719482439900878e-05,10.982494771987612,5.171755404186753,False,0.5763570519600927,0.013945993794227451,0.014074382477612613,50.59480236378976,0.19384794243449582,3.2464416452599307
Feinstein2024,TIC 343968113,5508502991159287552,107.52594441492064,-49.16372427541225,-7.193886057306818,4.514601135192653,3.41313704551912,0.195,0.0718,0.0718,association,7.112724252279151,0.017294498,2.2601004,2.0136003999999996,0.2465,1.1187227,False,14.707137,none,07100623-4909494,11.325,0.024,0.0014750069189054,7.564298415189268e-05,11.323524993081094,5.583704854063043,False,0.5119990183632583,0.012223797078333931,0.012459769216170091,67.39516933233794,0.050643645224605266,4.935012270459271
Feinstein2024,TIC 134358110,5508980179205357952,107.43349014508485,-47.404832359606246,-6.827947233582226,3.709418384565353,0.770700894410504,0.195,0.0718,0.0718,association,7.403598972796315,0.022793433,2.565712,2.242012,0.3237,1.0224783,False,15.345092,none,07094405-4724174,11.726,0.024,0.0015331322508561,7.862682922681009e-05,11.724466867749145,6.071681300231749,False,0.4321627727069077,0.010368443939295535,0.010501377442424464,81.16692170805842,0.009495258390882,5.932965341163653
Feinstein2024,TIC 238064557,5509089443172896640,104.25851049969236,-48.77347991096269,-13.270550559560087,11.876160608010256,1.782591475677916,0.030199999999999998,0.004900000000000001,0.004900000000000001,association,5.21270410371102,0.03295168,2.849102,2.4481019999999996,0.401,1.0312879,False,16.055864,none,06570206-4846246,12.203,0.024,0.0015813900375044,8.134617243565102e-05,12.201418609962495,5.786733975655771,False,0.47901947872173356,0.011597033473524254,0.011801838918180652,73.08413992050097,0.024390948263425864,5.34725651597833
Feinstein2024,TIC 238063348,5509159708837451776,104.0602305962599,-48.40520093232069,-3.174977699130378,5.067344676523544,5.43037125027262,0.195,0.0718,0.0718,association,5.009989412777864,0.014554107,1.8323689,1.6337689000000002,0.1986,1.0683715,False,14.51219,none,06561445-4824187,11.57,0.023,0.001672371173485,8.585387252482597e-05,11.568327628826514,5.067511669363334,False,0.5919109491753944,0.014520684941901063,0.014664158449236186,45.99973672932632,0.11805222456437629,2.755382890319689
Feinstein2024,TIC 238084794,5509259970554685056,104.77599671761048,-48.15207397698551,-2.8345143667628925,4.784862477453286,5.18740362116298,0.195,0.0718,0.0718,association,4.731133405951939,0.03463782,2.6341505,2.3104505,0.3237,0.9895172,False,16.344818,none,06590623-4809075,12.675,0.027,0.0018533477185796,9.64079512353731e-05,12.673146652281421,6.047972623397136,False,0.4360127262884226,0.010886558949650127,0.011068190278480716,80.50280471524711,0.06443755145565126,5.8848409213947175
Feinstein2024,TIC 130515595,5509295528586671744,105.37156169951118,-47.76700505514553,-2.452650686932725,2.518601557758147,2.84407829405652,0.195,0.0718,0.0718,association,6.080896974011435,0.029490752,2.5723276,2.2587276,0.3136,1.0040846,False,15.685456,none,07012917-4746012,12.094,0.023,0.001630509117171,8.365199316594235e-05,12.09236949088283,6.012207717946712,False,0.44195514250718415,0.010591915475758995,0.010758973790016058,79.47773791751074,0.035784590359231976,5.810560718660198
Feinstein2024,TIC 134468359,5509773270686988800,108.05257994326348,-46.7321757858205,-4.242864877540288,-1.5817159763931814,0.667838129132006,0.195,0.0718,0.0718,association,8.415069423325853,0.025416223,2.6286373,2.2735372999999997,0.3551,1.0718985,False,15.405146,none,07121263-4643558,11.701,0.024,0.0016241472411912,8.32903169697525e-05,11.69937585275881,6.324664368782054,False,0.3908765000675981,0.009469867621987982,0.009581624974463965,123.65253532723742,0.005400925483368547,9.152477594483994
Feinstein2024,TIC 134628183,5511620759459968896,108.88259114516988,-44.92402524499094,-7.114728934069277,1.9445571761247256,0.505755511230645,0.195,0.0718,0.0718,association,5.973808431320083,0.020548135,2.4000788,2.1475788000000002,0.2525,1.044297,False,15.219158,none,07153183-4455265,11.683,0.025,0.0017454693663102,8.952547128479905e-05,11.681254530633689,5.562510988098635,False,0.5154271904642955,0.012436133641164915,0.012562650441307666,66.80380964490904,0.007570758522888933,4.892160119196306
Feinstein2024,TIC 284419333,5511674154493369600,108.88912986645155,-44.71531555255151,-5.480839307023533,2.097265178005183,1.41228967103588,0.195,0.0718,0.0718,association,4.426812693733992,0.025049834,2.080679,1.853179,0.2275,1.1745,False,15.312589,none,07153339-4442551,12.095,0.027,0.0025303013519156,0.0001317538147166,12.092469698648085,5.322925431652019,False,0.5532042246437134,0.013682332161810584,0.013837036996937946,57.43480906240009,0.02458943790518215,3.977409479105619
Feinstein2024,TIC 238236508,5514007451307863808,119.92242147519316,-50.59993016283206,-17.26920256260436,19.957736126359965,0.515940853249861,0.045,0.009,0.009,association,13.82681719833073,0.033421557,3.4211025,3.4211025,,1.089473,False,15.777121,none,07594141-5036000,11.473,0.024,0.0013812054481783,7.083202951495693e-05,11.471618794551823,7.175229900346816,False,0.26557796044521,0.006585184057059934,0.006658230105110852,224.34032076956538,0.002299813299187611,44.95708884582681
Feinstein2024,TIC 255557420,5550588035661403008,96.03240705369927,-49.05332621588518,-4.404804390332128,-3.078546058823153,1.19110146128398,0.195,0.0718,0.0718,association,7.184757223081218,0.024340434,2.594348,2.3038480000000003,0.2905,1.0819563,False,15.391907,none,06240778-4903118,11.777,0.024,0.0011604778678336,5.951246121102605e-05,11.775839522132166,6.057900010469801,False,0.43444358719425535,0.010467451795684035,0.010570642728324697,80.77348120899096,0.014746194462043288,5.904455160071808
Feinstein2024,TIC 255741185,5551124940933094912,99.0443033279639,-49.210508467530495,-1.2126235370793943,-0.1787806714622283,2.4822336354138,0.195,0.0718,0.0718,association,8.348677440281426,0.013395472,2.1234608,1.9230608000000002,0.2004,1.121694,False,14.088972,none,06361062-4912378,10.834,0.026,0.0010946962853839,5.613840137412807e-05,10.832905303714616,5.440993713539374,False,0.5347982196468768,0.012978332662550662,0.013162854840361171,62.872468824322695,0.03948045435196159,4.558513351148605
Feinstein2024,TIC 319562217,5551303199256033280,100.78896616560654,-49.013495932965874,-1.0575750130035266,6.068092618436285,5.43036021876985,0.195,0.0718,0.0718,association,5.138772347121893,0.014950859,1.8187532,1.6155532,0.2032,1.0021466,False,14.404721,none,06430935-4900486,11.415,0.025,0.0014349789362061,7.36091868206965e-05,11.413565021063793,4.967861913168678,False,0.6065734104510498,0.014934655400833607,0.015006254067629121,42.967683893068845,0.126382428065801,2.433326836853637
Feinstein2024,TIC 319476668,5551303817731315584,100.74809842971752,-49.00074641928836,-0.9783373717567496,5.988526751386676,7.02830805093617,0.195,0.0718,0.0718,association,5.157240123671932,0.010088225,1.3851328,1.3390328,0.0461,0.99202275,False,13.345334,none,06425954-4900028,10.947,0.021,0.0014251356738258,7.310571356514057e-05,10.945574864326174,4.507661628551807,False,0.6726907560445524,0.016249518312653977,0.01653317585937164,36.57805940215527,0.1921454600328536,1.783273109888619
Feinstein2024,TIC 255781884,5551538941421122304,99.97393690853151,-48.64242727948949,0.8563624716816244,0.5957727360635594,7.9645636751502,0.195,0.0718,0.0718,association,8.437081680954707,0.008935681,1.6993923,1.5297923,0.1696,1.0210171,False,13.080593,none,06395374-4838327,10.287,0.021,0.0011653792588563,5.97631019838484e-05,10.285834620741145,4.916795888806623,False,0.6140499249804319,0.014978548622665011,0.015089485633588806,42.2371216161978,0.1885678609333979,2.3574936180556194
Feinstein2024,TIC 255741939,5552012723556654464,99.1136603969366,-48.10008702359838,-12.953254368091802,14.514666445951049,0.3758268373857802,0.030199999999999998,0.004900000000000001,0.004900000000000001,association,6.028448439392214,0.03855533,2.9942265,2.5390265,0.4552,1.0405728,False,16.442392,none,06362730-4806007,12.549,0.03,0.0011884255473781,6.096835230004842e-05,12.547811574452622,6.448839328423471,False,0.3709892744949703,0.00964265570831635,0.009798915578933864,147.12012312475187,0.002554557659437889,14.502561806365946
Feinstein2024,TIC 156831398,5552244793526284672,98.45615981058398,-47.84010707911118,-4.497021536857515,-5.720607763200714,3.72505903189121,0.195,0.0718,0.0718,association,10.917116070383363,0.009736073,1.9545269,1.3222269,0.6323,1.0632007,False,13.081764,none,06334948-4750243,9.977,0.023,0.0010474459788452,5.371519366924895e-05,9.975952554021156,5.166492192689526,False,0.5771015329641347,0.014098004096902206,0.01421479282020488,50.374861404309925,0.07394678472648869,3.222937316418033
Feinstein2024,TIC 170160263,5552639964877361152,101.72121477926493,-46.28562098460648,-12.811951079043912,12.299590144257706,4.991604581297226,0.030199999999999998,0.004900000000000001,0.004900000000000001,association,5.35652197563614,0.023210898,2.5381374,2.2262374,0.3119,0.98237824,False,15.291602,none,06465311-4617083,11.675,0.023,0.0014127853112502,7.25161090159527e-05,11.67358721468875,5.318001669619516,False,0.5539542525117936,0.01349532462284253,0.013634120349378387,57.213229400801545,0.08724563590579795,3.953730027841944
Feinstein2024,TIC 219203763,5554253704348670720,92.83762576990436,-48.18201051914527,-0.9706536068639124,-1.7573978073149932,0.318044196812524,0.195,0.0718,0.0718,association,6.03882617657797,0.020720297,2.309227,2.162627,0.1466,0.9706374,False,15.057281,none,06112104-4810551,11.651,0.025,0.0013643953082086,6.997666440929609e-05,11.649635604691792,5.554398249306091,False,0.516699233831716,0.012461952703401002,0.01261308661581484,66.584382164029,0.004776558503299316,4.87625957710355
Feinstein2024,TIC 231947452,5554669525902464000,94.25950930377206,-47.49527305773012,-1.086535106870298,-3.04805472590719,1.63437422512645,0.195,0.0718,0.0718,association,6.757245083276167,0.013284499,1.958415,1.799515,0.1589,1.0334606,False,14.081941,none,06170228-4729429,10.971,0.025,0.001325604772385,6.79806044549645e-05,10.969674395227615,5.118522749941421,False,0.5842766385143492,0.014349435339602645,0.014524159240529633,48.25513022176084,0.033869439738646125,2.996408984046975
Feinstein2024,TIC 293692895,5555416163017823104,98.24891795682392,-46.55021955954686,-6.39326724859206,-10.993668106546297,0.499983943494553,0.195,0.0718,0.0718,association,9.789434373363047,0.010184633,1.705369,1.078269,0.6271,1.0779808,False,12.702385,none,06325975-4633005,9.808,0.023,0.0010096611297315,5.1777501917464265e-05,9.806990338870268,4.76077833536103,False,0.6364699960808577,0.015480426528115654,0.01564219171877046,40.04636038295619,0.012485128204243679,2.1300900397513
Feinstein2024,TIC 156836265,5556524470738581632,98.69120847031492,-44.76426867498782,-5.613988541453565,-6.671587289590467,1.07473020261407,0.195,0.0718,0.0718,association,7.921994152336246,0.019470677,2.5578518,2.2533518,0.3045,1.001274,False,15.096284,none,06344590-4445512,11.465,0.026,0.0011686164902734,5.992954187870879e-05,11.463831383509726,5.958003970967333,False,0.4508916639733406,0.010888265483110837,0.011023414325775083,77.93618796459876,0.013789873878643494,5.698854200333243
Feinstein2024,TIC 170316724,5557462766474663040,103.10225962728724,-47.71625200302941,-2.9828162629007835,3.9546273159983096,4.26324206268441,0.195,0.0718,0.0718,association,5.277831543848683,0.026184712,2.3911724,2.1218724,0.2693,1.0263765,False,15.6194935,none,06522455-4742585,12.095,0.026,0.0014922561772262,7.664274319436548e-05,12.093507743822775,5.705785365982141,False,0.49225870927274573,0.011942772981928862,0.012148935845110564,70.80037265045137,0.06021496643432188,5.181766134090679
Feinstein2024,TIC 130376273,5557612712373718656,104.62166480547006,-46.77262069500642,-9.326431265368718,-4.571044628323007,0.303252783552626,0.195,0.0718,0.0718,association,6.646108712411528,0.016483393,1.6243496,1.6081496,0.0162,1.0999871,False,13.4579525,none,06582922-4646212,10.668,0.025,0.0015230876946686,7.810882304736842e-05,10.666476912305331,4.779314116740654,False,0.633752102104594,0.015442868222386719,0.01567862598698644,40.31193745149396,0.007522654645848273,2.1576572500819755
Feinstein2024,TIC 170434636,5557786641368501888,103.64824238085104,-46.459300018453646,-4.151494301838041,-1.6570811787161994,2.91421713483326,0.195,0.0718,0.0718,association,5.279987324090583,0.011788746,1.5817204,1.5704204,0.0113,1.0412114,False,13.80219,none,06543559-4627334,11.1,0.023,0.0015876314119415,8.146325107329817e-05,11.098412368588058,4.711576768109278,False,0.6434938027786399,0.01557949206486331,0.015836936125840695,39.36003412848719,0.07404000528353373,2.058848571816653
Feinstein2024,TIC 170277600,5557819832876088576,102.7320359107712,-46.42553400278605,-12.083955196910704,12.353305862348918,1.43729527554597,0.030199999999999998,0.004900000000000001,0.004900000000000001,association,5.303504657164789,0.029713642,2.825511,2.381811,0.4437,1.05934,False,15.953696,none,06505570-4625320,12.129,0.027,0.0014824351931907,7.610239755278064e-05,12.127517564806809,5.750332337580456,False,0.4849726196412685,0.011880204307891662,0.01209846836663947,72.0572231118812,0.01994658152888188,5.272842254484144
Feinstein2024,TIC 134361283,5558201294692005632,107.6006576690146,-45.0024010774057,-17.13302883854893,9.551957957588687,1.7884568086625898,0.030199999999999998,0.004900000000000001,0.004900000000000001,association,5.381067252985686,0.024256136,2.624384,2.292384,0.332,0.9834902,False,15.524427,none,07102418-4500087,11.865,0.027,0.001925003079141,9.90561484541988e-05,11.86307499692086,5.517417096549401,False,0.522610713658255,0.012768814175950216,0.012899888915121838,65.56465189395104,0.027277759539627664,4.802366079271813
Feinstein2024,TIC 134197519,5558500224415669632,106.59916820026858,-44.44268042124049,-7.971399430141717,-1.7909318333928248,1.22168647143996,0.195,0.0718,0.0718,association,6.80755911144964,0.017294502,2.3139677,2.0493677,0.2646,0.9735884,False,14.894701,none,07062381-4426336,11.482,0.028,0.0015902088517347,8.155099012237022e-05,11.480409791148265,5.645366896636068,False,0.5020601200553826,0.012232068845138222,0.012386756091968265,69.10962929044652,0.01767751446481629,5.059248499307718
Feinstein2024,TIC 170362590,5558891719273931008,103.06982451243034,-45.12673269505306,-12.817569769654275,11.866649326494244,1.8844228129615157,0.030199999999999998,0.004900000000000001,0.004900000000000001,association,5.203387404724444,0.023894705,2.6085615,2.2764615,0.3321,0.99176276,False,15.470648,none,06521677-4507363,11.829,0.023,0.0013958111604209,7.172675982611335e-05,11.82760418883958,5.40903499568927,False,0.5397951752460095,0.01308485948626259,0.01318594928675998,61.39622537017892,0.03069281216556366,4.400752324375986
Feinstein2024,TIC 130579414,5559172026020076160,105.6529545770504,-44.38299157417594,-4.779806145961766,-1.1226160689639493,1.57514645649279,0.195,0.0718,0.0718,association,4.74141878361977,0.0299706,2.402914,2.1309139999999998,0.272,0.97477007,False,15.801393,none,07023671-4422587,12.376,0.029,0.0019540695601653,0.0001011650278595,12.374045930439834,5.753587509800816,False,0.4844260077516978,0.012043900706203647,0.012230559725484036,72.15151366283214,0.021831093715559913,5.2796749031037775
Feinstein2024,TIC 134471363,5559989650354601216,107.98905633286438,-43.82167242553707,-3.203060469160418,-2.4217200826353884,5.45796177914088,0.195,0.0718,0.0718,association,7.448038634516097,0.01032533,1.5760069,1.4651069,0.1109,1.0444586,False,13.058024,none,07115737-4349179,10.527,0.021,0.0016292540018425,8.355183476592019e-05,10.525370745998156,4.885580349770088,False,0.6184965181617295,0.015096468259793605,0.015212340978134953,41.802625939625294,0.13056504600987762,2.3123924586453155
Feinstein2024,TIC 170401983,5562089889361968384,103.43747958715876,-44.00338354168988,-5.962597724946181,-9.254222587915422,3.62426779398919,0.195,0.0718,0.0718,association,10.595845762680796,0.022633657,2.8760748,2.5146748,0.3614,1.0587331,False,15.186505,none,06534501-4400119,11.332,0.021,0.0012177092386253,6.244685416146429e-05,11.330782290761375,6.456460430306674,False,0.36980954017746337,0.008809977036371042,0.008863460552023694,148.65982387588815,0.024379605057348836,15.086825227111262
Feinstein2024,TIC 130293719,5562123012149662080,103.9558107579076,-43.67486379624077,-19.714046270561795,13.162106931490856,0.6656619858175974,0.030199999999999998,0.004900000000000001,0.004900000000000001,association,6.888054886369229,0.038266495,3.0375166,2.6398166,0.3977,1.096838,False,16.37727,none,06554941-4340296,12.411,0.025,0.0013034835482461,6.685991558973546e-05,12.409696516451753,6.60017951178102,False,0.34733097361213894,0.008723536902721818,0.008814910917664898,177.99716306445717,0.0037397336809044802,26.219335318588186
Feinstein2024,TIC 170403073,5562454824142916608,103.41250555724068,-42.509424946133606,-14.221539578915346,-13.716726418800535,1.59410142728331,0.195,0.0718,0.0718,association,9.342648597001032,0.0277734,2.6630602,2.3119601999999997,0.3511,1.5615928,True,14.828894,none,06533901-4230336,11.123,0.023,0.0013078391425326,6.706921527846752e-05,11.121692160857467,5.9740422315147335,False,0.44824385596117633,0.010652017119920643,0.010775080682765559,78.39293484669709,0.020334758870817732,5.731951800485295
Feinstein2024,TIC 130332778,5562489458759467136,104.10357430746592,-42.11218915529464,-16.430788168036184,10.78196642186921,0.3728180337763161,0.030199999999999998,0.004900000000000001,0.004900000000000001,association,5.733557612476158,0.02859415,2.7846813,2.4003813,0.3843,1.1001036,False,15.76952,none,06562488-4206440,11.996,0.028,0.001408025054237,7.226080883266938e-05,11.994591974945763,5.786712878869835,False,0.4790395859069322,0.011778769616746843,0.011943541138615121,73.08067143105421,0.005101458791714033,5.347005176163348
Feinstein2024,TIC 130292176,5562493547567828480,103.73315596782882,-42.22684672658231,-16.961016239561705,11.940920352099951,2.8325166474319583,0.030199999999999998,0.004900000000000001,0.004900000000000001,association,6.1156876720658335,0.023864005,2.6642494,2.3154494000000003,0.3488,1.0225626,False,15.498559,none,06545596-4213368,11.856,0.028,0.0013788337486834,7.075202752520529e-05,11.854621166251317,5.786847655771959,False,0.47901014839026507,0.011698111588775817,0.0118965958656862,73.08574940267928,0.03875607311386643,5.347373145121686
Feinstein2024,TIC 130332969,5562865663534855936,104.23453871041744,-41.99706748293032,-15.88526666335198,11.598850110035857,8.045158190055895,0.030199999999999998,0.004900000000000001,0.004900000000000001,association,5.820318848821198,0.01801525,2.2016,1.9619,0.2397,1.2176845,True,14.542621,none,06565631-4159495,11.217,0.023,0.001403100227964,7.198656630922137e-05,11.215596899772036,5.040330783924048,False,0.5959512921494077,0.014626742162850537,0.014762587378393421,44.80610397643213,0.17955495961638673,2.627823490711557
Feinstein2024,TIC 157008175,5564101995640955008,104.53325154587372,-39.55305806826677,-16.817751249390682,10.853979380392422,1.2038275372631355,0.030199999999999998,0.004900000000000001,0.004900000000000001,association,5.786729652828901,0.026749292,2.7832766,2.4056766,0.3776,1.0601006,False,15.685187,none,06580800-3933112,11.884,0.023,0.0013770252286718,7.067204337400123e-05,11.882622974771328,5.694788941084331,False,0.49402613482848945,0.01178848996182319,0.011986277214835361,70.49549174208558,0.017076659904259585,5.159673314643882
Feinstein2024,TIC 157311851,5564549221995928704,105.83715666942804,-40.59796426795365,-3.397748610266907,-6.212832488950619,5.45633594034506,0.195,0.0718,0.0718,association,6.639859106971592,0.0165765,2.1180496,1.9068496,0.2112,1.0452157,False,14.50406,none,07032091-4035525,11.288,0.023,0.0014408245424767,7.389494261590882e-05,11.286559175457523,5.397353495705769,False,0.5416157071464116,0.013019304193397696,0.013248994179025697,60.85838823160298,0.08965626758928286,4.343275531520434
Feinstein2024,TIC 157530079,5564697243749065472,106.59909993935518,-39.54716002621967,-3.4711832494203074,-6.796795859156269,1.34859130162187,0.195,0.0718,0.0718,association,6.62877928474687,0.018588437,2.3308659,2.0955659,0.2353,1.0407832,False,14.927192,none,07062378-3932497,11.519,0.032,0.0013793423097822,7.074667024242608e-05,11.517620657690218,5.624788451516505,False,0.505354249239899,0.012542043194290697,0.012840817613684385,68.54139200611743,0.01967557503794942,5.018071884501262
Feinstein2024,TIC 157309606,5565562009644657536,105.8141468294091,-38.592092561729565,-12.32507997149218,8.88456080521578,0.3505133340757957,0.030199999999999998,0.004900000000000001,0.004900000000000001,association,4.5498299455179865,0.023153676,2.664568,2.297968,0.3666,1.1493902,False,15.252424,none,07031540-3835317,11.569,0.023,0.001781813495578,9.266476148356566e-05,11.567218186504423,4.857194010335785,False,0.6225537324813903,0.015264614751835714,0.015509602322963278,41.406178140389855,0.008465242382123787,2.271240713403041
Feinstein2024,TIC 157571722,5565916842663096320,106.961370608777,-38.06059389729761,-9.798931034099516,7.212732664795601,0.4266575418403872,0.0337,0.0009,0.0009,association,3.5917397093084045,0.029597811,2.7248201,2.3290201,0.3958,1.096195,False,15.662343,none,07075075-3803382,11.83,0.024,0.0031587981126415,0.0001860249731712,11.826841201887358,4.603365482583325,False,0.6589215921514316,0.016154216730140947,0.016377510270062068,37.8525187097744,0.011271576010877561,1.9023667081783366
Feinstein2024,TIC 156990832,5569314299230776576,99.74455029128836,-42.54789562775261,-3.666882401662373,-2.427224163223172,4.78112615274125,0.195,0.0718,0.0718,association,6.1170518152729,0.015934601,2.0575266,1.8343266,0.2232,1.0526475,False,14.625445,none,06385869-4232522,11.47,0.024,0.0013014187967484,6.674342751999473e-05,11.468698581203252,5.401409377506056,False,0.5409799154804256,0.01312927998721325,0.013247201359758876,61.046219255211426,0.07831977493566225,4.363348382689422
Feinstein2024,TIC 148319776,5575726341806510336,101.68226645188642,-39.81466001192259,4.225994958378061,11.42355056275131,0.482824542187615,0.042,0.005,0.005,association,10.751529646089653,0.023383295,2.3592234,2.0750234,0.2842,2.755971,True,13.232043,none,06464373-3948529,9.714,0.021,0.0012612622080529,6.468027152982952e-05,9.712738737791948,4.870090021653223,False,0.6207890816898447,0.015123155604165217,0.01526254912273528,41.57860973202089,0.011612330121172328,2.289139314288718
Feinstein2024,TIC 156710937,5576497816714969344,102.89768458013162,-37.92096067140864,-12.461225625291494,10.080653801465331,0.2642838694856768,0.030199999999999998,0.004900000000000001,0.004900000000000001,association,4.945742782394904,0.03374124,2.9112759,2.5224759000000003,0.3888,1.0591729,False,16.200533,none,06513545-3755156,12.283,0.026,0.0013748508243393,7.150991316447547e-05,12.28162514917566,5.752782778558679,False,0.4845947232448976,0.011897885912763306,0.01203488850599882,72.12241024025516,0.003664379332377977,5.27756595943878
Feinstein2024,TIC 96652559,5578690109759506304,104.63000373714344,-35.15327018872523,-14.06792384556024,9.370480310188825,0.38563485295988,0.030199999999999998,0.004900000000000001,0.004900000000000001,association,4.657426880579751,0.03105788,2.7128296,2.3476296,0.3652,1.3144478,True,15.518352,none,06583121-3509118,11.75,0.024,0.0015482459248981,8.042323962481551e-05,11.748451754075102,5.089181981084508,False,0.5886308821661975,0.014542108827624523,0.014755962847264659,46.96876224004336,0.008210453811599613,2.8589392916100493
Feinstein2024,TIC 96744970,5603679810036813184,104.97845992527124,-33.70367225690375,-12.562365678689392,7.8319054392842204,2.5124845702325,0.030199999999999998,0.004900000000000001,0.004900000000000001,association,4.308135469932991,0.032600224,2.599513,2.599513,,1.4433407,True,15.439452,none,06595484-3342133,11.805,0.026,0.0019590372220798,0.0001058710190157,11.80304096277792,4.9744877192402,False,0.6055260845101829,0.015060512117147429,0.015274169553491368,43.0700225992907,0.05833487931055501,2.4439497142538595
Feinstein2024,TIC 384294724,5768812231596292480,245.89651846434015,-82.4504716612454,-0.4421734634511178,-17.093821928451547,2.7863470130883488,0.005,0.001,0.001,association,5.667123332805981,0.0365788,2.619215,2.255715,0.3635,1.8328018,True,15.055245,none,16233517-8227013,11.422,0.026,0.0024688493915648,0.000136546172729,11.419531150608435,5.186344471778003,False,0.5740962386300275,0.014197822517995395,0.01441955381456883,51.262711216157605,0.054354265449192904,3.3178187518234186
Feinstein2024,TIC 282278921,5771056197390268288,212.8560534478101,-82.43630714189177,-7.825348457420855,-12.957616392831126,8.136937611136469,0.005,0.001,0.001,association,4.832559197476993,0.02539521,2.6183062,2.1621062,0.4562,1.0257841,False,15.599564,none,14112553-8226105,11.762,0.021,0.0197145190661337,0.0025545439675841,11.742285480933866,5.163171394519731,False,0.5776019450874745,0.014080153987836241,0.014228054138283763,50.227025365586094,0.16200317561930774,3.2071385908097323
Feinstein2024,TIC 418653612,5771352618852662656,208.93610516205365,-81.50395906670825,-9.41599739602951,-14.683545154043903,1.7409354600147415,0.005,0.001,0.001,association,5.290043082751698,0.019026972,2.300846,1.9910459999999999,0.3098,1.0181276,False,14.831213,none,13554468-8130139,11.331,0.022,0.0095904502478798,0.0005792571857529,11.32140954975212,4.938705594734415,False,0.6107999201200538,0.01490179186888374,0.01509030277616441,42.5546935196976,0.04091053926187724,2.3904579530680254
Feinstein2024,TIC 406778904,5773505668780214784,224.6796652113072,-79.19588836325235,-11.080936071910251,-17.41940567223567,6.074453301985634,0.25,0.06,0.06,association,8.995780063477104,0.013652761,2.03868,1.8490799999999998,0.1896,1.0685868,False,13.702039,none,14584320-7911449,10.559,0.02,0.001536088190059,7.878125645493914e-05,10.55746391180994,5.327658056262697,False,0.5524849888086092,0.013235986447430403,0.013392272692214657,57.64729187768518,0.10537274352582394,4.000116781899624
Feinstein2024,TIC 384821509,5773752887094707200,261.30625306123073,-82.81828868770293,6.6790331454503375,-19.16933884074914,7.595551971084594,0.005,0.001,0.001,association,6.50743228027906,0.012311693,1.9382448,0.9142448000000001,1.024,1.0673599,False,13.690573,none,17251339-8249055,10.585,0.023,0.0013532979664903,6.955146734345067e-05,10.58364670203351,4.650694988587476,False,0.652188346709287,0.015757621480859463,0.015981744312575596,38.51045297869253,0.19723351411335363,1.9706610548058032
Feinstein2024,TIC 384800468,5774659400072255232,260.43997659289545,-80.44442007150963,6.671119018077745,-19.326992701565327,1.1209441915819442,0.005,0.001,0.001,association,6.524716293353422,0.024739876,2.684206,2.339006,0.3452,1.0451765,False,15.200965,none,17214553-8026396,11.529,0.029,0.0014797575523895,7.682450098853445e-05,11.52752024244761,5.6003284049438005,False,0.5093701880184645,0.01252415984994304,0.012656778040745387,67.84864256681489,0.01652124713442983,4.967872649769195
Feinstein2024,TIC 384514862,5774925310087923584,253.1594358758265,-81.22517757393074,4.33396588296366,-18.58612113570299,5.425536578423795,0.005,0.001,0.001,association,7.401971111395341,0.026025295,2.5108166,2.2111166,0.2997,1.0286833,False,15.444777,none,16523822-8113302,11.885,0.025,0.0013386136589497,6.893724782349925e-05,11.88366138634105,6.230398315274265,False,0.40614851038242206,0.009862793556260963,0.00998577885032692,107.21374342436091,0.050604860954710534,7.9062815527943595
Feinstein2024,TIC 384152961,5775292443892879360,243.640803222323,-80.06890017224069,0.4400913250394911,-20.28539491906699,2.1616689869495613,0.005,0.001,0.001,association,6.522429312650631,0.02510085,2.7770205,2.3956204999999997,0.3814,0.9874653,False,15.4953785,none,16143377-8004076,11.698,0.023,0.0022074699912949,0.0001185491468209,11.695792530008706,5.767839435491597,False,0.4821714912034784,0.011505447841769711,0.011643317557869237,72.54041776739999,0.02979951113434345,5.30785635995652
Feinstein2024,TIC 384604627,5775319725524297728,254.7342960737621,-80.76108898838275,6.966279647279047,-23.46538864715023,3.8571828599903775,0.25,0.06,0.06,association,9.10782231821434,0.015762525,2.286809,2.020409,0.2664,1.0413859,False,14.312412,none,16585619-8045395,10.93,0.023,0.0011296178385905,5.793344364689605e-05,10.92887038216141,5.725943129683399,False,0.48900017123830103,0.011641072519608275,0.011702530893919982,71.36247046139309,0.05405057917770803,5.222497859521237
Feinstein2024,TIC 256162745,5776454833841481728,267.1442595959568,-79.31491749140693,7.492455807616534,-17.391365273791454,0.3285291382788629,0.005,0.001,0.001,association,6.265699063404616,0.021392653,2.6468048,2.2974048,0.3494,1.156421,False,15.015199,none,17483458-7918534,11.314,0.026,0.0014823583874208,7.709608320904466e-05,11.31251764161258,5.297365302734468,False,0.5571944634319808,0.013684003259170185,0.013762266506372467,56.2559785175234,0.005839897321784706,3.8514319402188937
Feinstein2024,TIC 407125926,5778418149292321536,234.5014477075664,-80.202030263785,-2.1418354147614806,-14.669367133675667,2.1623506466124143,0.005,0.001,0.001,association,4.787655233743598,0.034930807,2.767456,2.767456,,0.97730803,False,16.115534,none,15380035-8012070,12.291,0.031,0.0125557471419087,0.0014196444734158,12.278444252858092,5.679058596164758,False,0.496636259845622,0.012521575349937808,0.012665345119643456,70.04524517663022,0.030870769902506638,5.127046751929726
Feinstein2024,TIC 384064144,5778786481389569536,241.07108919441308,-78.69593381110013,1.330474372484466,-19.03549259095182,0.8257948549965529,0.005,0.001,0.001,association,5.6261400359300575,0.02671359,2.6848736,2.3074736,0.3774,0.9540354,False,15.563103,none,16041704-7841449,11.796,0.023,0.0039167531471937,0.0002029955612632,11.792083246852807,5.54313593512315,False,0.5185172395031472,0.012466268864996577,0.012653969555449729,66.27077618570712,0.012460920220437306,4.85353450621066
Feinstein2024,TIC 357207000,5782928071110346368,181.5158920858156,-82.9833116766037,-14.528033325053451,-7.606765567185401,3.5038205500932853,0.030199999999999998,0.004900000000000001,0.004900000000000001,association,5.0642306178899625,0.02445372,2.5377436,2.1159436,0.4218,1.0132732,False,15.39277,none,12060394-8258597,11.662,0.025,0.0208870756187779,0.0012061483878926,11.641112924381224,5.163680297457461,False,0.5775401531061868,0.014252581832615796,0.014363986293570274,50.245280482343674,0.0697343216409059,3.2090894519332456
Feinstein2024,TIC 357779388,5783990646019774080,189.81602579417645,-81.02728018198866,-13.716649822182625,-10.883391655578116,0.7488084370960413,0.005,0.001,0.001,association,5.370000779984902,0.031757377,2.8107357,2.3434357,0.4673,1.0237757,False,15.794287,none,12391592-8101379,11.926,0.021,0.0105955224005927,0.0006971831544148,11.915404477599408,5.56527622150046,False,0.5150036037580967,0.012366005657549084,0.01249641403223678,66.87687835172832,0.011196821017240103,4.897454953023791
Feinstein2024,TIC 262869616,5785561435822530688,218.2355723817722,-78.71266180992137,-8.203466801982398,-16.603528898229516,2.2933640001728373,0.005,0.001,0.001,association,6.107559850100038,0.0145247085,2.0687628,1.8056628,0.2631,1.1440581,False,13.961852,none,14325658-7842453,10.642,0.019,0.0054029863153924,0.0002854485593723,10.636597013684607,4.565935671028502,False,0.6643305048446078,0.01597390849035607,0.01615757102343396,37.323990669469765,0.061444769410703995,1.8475048794332645
Feinstein2024,TIC 402329185,5791988871563048192,221.09500746592056,-76.9044152155209,-6.661016249595964,-15.695005037032232,3.454175378024219,0.005,0.001,0.001,association,5.561181402729949,0.025712006,2.6870432,2.3064432000000004,0.3806,1.0218737,False,15.416099,none,14442284-7654156,11.665,0.023,0.0067990731760316,0.0003558241069695,11.658200926823968,5.384036235619444,False,0.5436925152628154,0.01318806254209226,0.013357825973043247,60.24483977664256,0.05733562228450697,4.27770773241683
Feinstein2024,TIC 402751779,5792178743477357312,224.721141629103,-75.65846830976803,-2.710320279446994,-16.247048412063368,5.835033414885384,0.005,0.001,0.001,association,5.926181393306548,0.0130413165,1.58529,1.42249,0.1628,1.012716,False,13.551871,none,14585308-7539301,10.926,0.019,0.0064245126127065,0.0003340532665094,10.919575487387293,4.783450190291411,False,0.6331979952690295,0.015375252796758998,0.015521649335003773,40.36608160514054,0.14455288159904783,2.163277476556986
Feinstein2024,TIC 26016527,58368884727558784,52.39678773367461,20.9407590168408,23.28750578010697,-45.68196522024052,4.854115447178603,0.1274,0.008150000000000001,0.008150000000000001,association,7.569212684351719,0.027060319,2.2704353,2.0279352999999998,0.2425,1.1163191,False,14.575949,none,03293519+2056275,11.217,0.019,0.0035088170629213,0.0002091231762647,11.21349118293708,5.60874472533586,False,0.5079659224362076,0.012006106369672809,0.01213717911272072,68.09087837975419,0.07128877703862757,4.985425969547404
Feinstein2024,TIC 343302662,5840761523752258688,205.93610208084365,-71.23236051608765,-32.786851754480075,-15.937186342290047,6.676360489194542,0.005,0.001,0.001,association,6.463672479220372,0.02324759,2.6255617,2.2224617,0.4031,1.0095971,False,15.117969,none,13434471-7113565,11.406,,0.0271613088021723,0.0015261905909606,11.378838691197828,5.431235402129042,False,0.5363038232969113,0.012446234967211534,0.01261792894954128,62.42767048885536,0.10694553291695244,4.510979293054659
Feinstein2024,TIC 454980196,5841257781444541824,180.0105024951803,-74.73522113223612,-42.20519814475102,-5.641095809307114,1.64358895198804,0.015,0.003,0.003,association,10.172861516126025,0.017294064,2.8769617,2.4597616999999996,0.4172,1.2022727,True,14.297374,none,12000269-7444068,10.416,0.019,0.002397607389819,0.0001229608762823,10.413602392610182,5.4508180548946275,False,0.5332063175290173,0.012658457981961746,0.012818440620780636,63.34276219285606,0.02594754151995929,4.608771975155313
Feinstein2024,TIC 359767456,5841316570956614656,184.9726858959336,-74.33597096183937,-39.84721667125875,-8.950758132944674,10.5729398855324,0.015,0.003,0.003,association,9.84028932301209,0.01193911,2.5887756,2.2473756,0.3414,1.2423905,True,13.192117,none,12195355-7420093,9.545,0.021,0.0024484307214305,0.0001255800232364,9.542551569278569,4.507590907746469,False,0.6727132385047778,0.01623110460519883,0.016550217503695674,36.57645565332585,0.2890640904559875,1.7832169037380556
Feinstein2024,TIC 360261300,5842105814153598464,187.60513958993155,-72.43165910180845,-38.13284914736283,-10.874087312598569,1.0287755029288,0.015,0.003,0.003,association,9.430493868631416,0.022266068,3.238987,2.705387,0.5336,1.1042494,False,15.036866,none,12302536-7225537,10.837,0.019,0.0024241315692836,0.0001243766325589,10.834575868430717,5.707248053647108,False,0.492060145579864,0.011546326585553157,0.011665082126849247,70.83462488747347,0.014523624633617995,5.1842481802517
Feinstein2024,TIC 337147104,5845050203239172608,196.82304364654004,-68.73633012006852,-39.395786686839095,-17.577406677502115,16.4882038003728,0.015,0.003,0.003,association,10.163809923229437,0.012554456,2.7006626,2.3230625999999996,0.3776,1.1729678,False,13.371936,none,13071765-6844105,9.539,0.023,0.0018814221523846,9.649306369339766e-05,9.537118577847615,4.5724012506953535,False,0.663375495513877,0.015982733374458657,0.016204760020966158,37.4173087240726,0.4406571280142615,1.8571914026449625
Feinstein2024,TIC 209241947,5872688764458062080,209.92824290460396,-54.53587656453372,-30.702068662012,-22.396759861160263,5.88688315007414,0.015,0.003,0.003,association,8.457222918706151,0.015137117,2.222352,1.985752,0.2366,1.1178564,False,13.288162,none,13594282-5432088,9.889,0.023,0.0023866350190459,0.0001227424299296,9.886613364980953,4.5227522551893,False,0.6705854726916647,0.016285042964513274,0.016412214401755887,36.72823628132792,0.16028221733769835,1.7885363182708385
Feinstein2024,TIC 294993587,5981858685540705152,239.58200817901889,-50.48630895967655,-29.41838956017646,-44.03960638577115,3.99035451556501,0.016,0.002,0.002,association,11.53803422485703,0.017328132,2.4820127,2.1929127,0.2891,1.0962231,False,13.014047,none,15581972-5029099,9.371,0.023,0.000724028348472,3.713410646547039e-05,9.370275971651528,4.680935085932413,False,0.64786576067678,0.015703109254465053,0.015832486114880973,38.9328313852975,0.10249330381534795,2.0145044274212314
Feinstein2024,TIC 350768519,6018064886202720512,245.9446763181235,-39.03380660343774,-20.630203957222783,-38.999551122121005,0.7101872331316414,0.016,0.002,0.002,association,9.747590669017976,0.055548284,3.1474886,2.5971886,0.5503,2.5318806,True,14.27101,none,16234675-3902010,10.162,0.021,0.0008558060379661,4.430168837072387e-05,10.161144193962034,5.105630611708444,False,0.5861938344339157,0.01431052605389016,0.014554833266918088,47.68873577009461,0.014892137978985734,2.9358803700149467
Feinstein2024,TIC 206069705,6032011675805796992,250.47454851929652,-29.82871293049472,-16.901350518611057,-31.71576639749029,1.306617647421051,0.01,0.003,0.003,association,8.695574563060044,0.08888163,2.988903,2.988903,,3.808201,True,14.609231,none,16415391-2949429,10.606,0.023,0.0013268286975336,7.306495855156607e-05,10.604673171302466,5.301164588517931,False,0.556531834152942,0.013874794211656938,0.014091669169939425,56.45173813881655,0.0231457469778528,3.872352093171401
Feinstein2024,TIC 210586558,6037548713276304256,245.25425203748048,-30.624534892635747,-9.74001048590221,-21.866000227354245,4.046326196635355,0.01,0.003,0.003,association,6.396135976385946,0.034464624,2.8407536,2.8407536,,1.0812653,False,15.131892,none,16210103-3037279,11.134,0.022,0.0127863242314651,0.0011509979633062,11.121213675768535,5.150802115278331,False,0.5794749580847042,0.014205050793793639,0.014332520462092324,49.67368381154739,0.08145814616822773,3.1480048947543393
Feinstein2024,TIC 66816152,6040402598781896704,240.0593119416264,-29.36349186075244,-8.994268396919942,-26.39099181069068,1.36677901315898,0.01,0.003,0.003,association,7.033877350551292,0.03782242,3.0991077,2.5121076999999996,0.587,1.1757376,False,15.341048,none,16001424-2921481,11.279,0.025,0.003991197261357,0.0002238433916856,11.275008802738643,5.510982759092524,False,0.5236585048301439,0.012738026766708543,0.012914034077550096,65.3839079168002,0.020903905207045454,4.789268689623202
Feinstein2024,TIC 415241228,6053654393972419584,189.18229180939943,-63.18251824415043,-37.80600551142136,-10.033348290900689,2.72333069604047,0.015,0.003,0.003,association,10.319357260433694,0.07180273,3.92978,3.92978,,1.1380044,False,16.937408,none,12364383-6310569,12.166,0.038,0.0028653457962866,0.0001474461114099,12.163134654203715,7.231397895049307,False,0.2583885639020145,0.007556293804215908,0.007733433902519515,221.117673769078,0.012316205437673665,43.97483754311273
Feinstein2024,TIC 406040223,6057147611155597440,193.841440947328,-58.77823018979762,-33.89410721945731,-15.805402462953722,0.323733196508033,0.015,0.003,0.003,association,8.981100323768048,0.029269222,3.1793156,2.6314155999999995,0.5479,1.1056973,False,14.927126,none,12552201-5846414,10.683,0.021,0.003386749987591,0.0001741895469719,10.679613250012409,5.446260988619908,False,0.5338989941894199,0.012761520909148727,0.012972249541146286,63.1381257166114,0.005127380530126507,4.586903183448316
Feinstein2024,TIC 311051982,6058292889962189952,185.6660496430961,-60.34016120023343,-35.631683917598984,-11.282028336648988,2.06089241007081,0.015,0.003,0.003,association,8.805708359882281,0.013908825,2.6320848,2.2818848,0.3502,1.1338962,False,13.761026,none,12223992-6020244,10.026,0.022,0.0030677307271451,0.0001573357105257,10.022932269272856,4.746753758134078,False,0.6384650029179099,0.015492055746855304,0.015620702080545223,39.851419714878524,0.05171440377320801,2.109854970404057
Feinstein2024,TIC 405508600,6061141965074631936,190.34408946658115,-57.34599877939293,-40.56806959939424,-15.911404617944036,3.91654011774332,0.015,0.003,0.003,association,10.193849702738753,0.01485519,2.5271702,2.2053702,0.3218,1.1816485,False,13.303963,none,12412266-5720454,9.653,0.021,0.0028175752027259,0.00014449790889,9.650182424797274,4.691873555290465,False,0.6462875868244469,0.015605383860956668,0.015822443924302654,39.0870415160112,0.10020047478239023,2.030511619352039
Feinstein2024,TIC 405910546,6061362107917642240,192.7525637211596,-56.722430581345485,-33.60997972238836,-15.71243459557079,1.57634061629197,0.015,0.003,0.003,association,8.90657038236648,0.013087327,2.3548813,2.0809813000000004,0.2739,1.0902463,False,13.241746,none,12510068-5643204,9.765,0.025,0.0033601067384083,0.0001723631330651,9.761639893261592,4.510192414148847,False,0.6723431331828857,0.016381089744883393,0.016556437180764605,36.60285649962082,0.04306605459353424,1.7841421670427857
Feinstein2024,TIC 405905925,6061691686532176512,192.68952960972268,-55.506631561616814,-31.391746816701986,-10.646814105986476,3.00887965118671,0.015,0.003,0.003,association,7.871639963848729,0.0252016,2.6061907,2.2865907,0.3196,1.3638892,True,14.436469,none,12504554-5530237,10.746,0.025,0.0035021616371157,0.0001803808317042,10.742497838362885,5.222823948095167,False,0.5685502765851712,0.013928452491609455,0.014096087832920712,52.901146860266564,0.05687739925817458,3.4929126963824517
Feinstein2024,TIC 406100947,6061730165117884928,193.85017129874004,-55.35129172399356,-35.68597889925437,-16.245566120460474,0.917282936727694,0.015,0.003,0.003,association,8.999520168874657,0.030626684,3.1370583,2.5695583,0.5675,1.1965925,False,14.729413,none,12552410-5521043,10.66,0.021,0.0030517314923337,0.0001566655552407,10.656948268507666,5.428045041501381,False,0.5368098150519103,0.012869940296211912,0.013043174171008198,62.278186067521375,0.014728799835839555,4.495004410503976
Feinstein2024,TIC 241690685,6065108247103154176,208.08752839652925,-53.81988364569397,-16.855110864100272,-9.4877900280906,9.255406743500412,0.005,0.001,0.001,association,6.096933475989951,0.015010725,1.6236572,1.4261572,0.1975,1.0386277,False,13.575484,none,13522103-5349115,10.826,0.024,0.0047488999226809,0.0002441853810872,10.821251100077319,4.746808382249334,False,0.6384130551556558,0.015540166983050274,0.0157480803634934,39.856495753361635,0.23221827630743927,2.110381869135491
Feinstein2024,TIC 256168939,6067196013523931264,199.48367351822088,-54.9282094994724,-44.34584653501853,-21.85705608830676,1.5526658205912067,0.015,0.003,0.003,association,12.019930478216038,0.022287393,2.9793205,2.4125205000000003,0.5668,1.1175698,False,14.424267,none,13175615-5455410,10.495,0.021,0.0023203300549545,0.0001189947423603,10.492679669945044,5.892189448788439,False,0.46173023139912794,0.010871256933557005,0.010993998498605884,76.06653508365044,0.020411943555516742,5.563372107510901
Feinstein2024,TIC 241467204,6069224028358222464,205.79741526343355,-51.93656226993779,-37.14738064879909,-25.176933576120867,1.34951557375155,0.015,0.003,0.003,association,10.359762487752704,0.028205456,3.0833416,2.5783416,0.505,1.2083294,True,14.515717,none,13431144-5156111,10.568,0.024,0.0021564916760149,0.0001105998220019,10.565843508323985,5.642592501856152,False,0.502505620844942,0.012071651411426243,0.012238586194673773,69.03278040424752,0.019548909457926394,5.053679739438225
Feinstein2024,TIC 241581808,6069443965048494208,207.0931656534304,-50.59601673524069,-24.35290677712775,-18.3698063152494,4.3797377331276,0.015,0.003,0.003,association,7.140353785519603,0.03295016,2.797449,2.797449,,1.1477987,False,14.816246,none,13482240-5035453,10.977,0.023,0.0032226788070245,0.0001665188474284,10.973777321192976,5.242375973415918,False,0.5655825974133075,0.013820981487621675,0.014012854485009663,53.77788407846858,0.0814412431462908,3.586606567379863
Feinstein2024,TIC 241447466,6070831823595497984,205.59952349110745,-48.5170268350129,-25.810997961821865,-18.059560659032837,4.52704933825292,0.015,0.003,0.003,association,7.608612167128724,0.01741117,2.1328096,1.8737095999999998,0.2591,1.1970961,False,13.414376,none,13422392-4831010,10.12,0.019,0.0029259969810068,0.0001501200251862,10.117074003018992,4.523601240141149,False,0.6704020788233852,0.016151824950734528,0.01637604285416583,36.741318377265195,0.12321412345002211,1.788994802941537
Feinstein2024,TIC 411357190,6071362063101149312,183.09206896535488,-58.01960405084625,-41.9725002579092,-11.897705863381065,16.8988520201752,0.015,0.003,0.003,association,10.324492192460328,0.024526548,2.6719809,2.3327809,0.3392,1.8070083,True,13.761365,none,12122219-5801103,9.985,0.026,0.0022314907923492,0.000114447050463,9.98276850920765,5.052112010154534,False,0.5941832183675342,0.014660597475112835,0.01484100110844111,45.32844348799132,0.3728090073212451,2.6836441058249916
Feinstein2024,TIC 411874804,6073455876824893312,189.63737278305447,-55.50953419718619,-40.30884247900726,-14.504432081844712,0.54984591943528,0.015,0.003,0.003,association,10.653330576302984,0.019817606,2.8760538,2.4453538000000004,0.4307,1.2171814,True,14.122695,none,12383305-5530340,10.2,0.021,0.002604030979899,0.0001335458185334,10.1973959690201,5.334822986665088,False,0.5513473054744629,0.013295488394827637,0.013438609174817762,57.98339603983012,0.009482816754258034,4.03603507002053
Feinstein2024,TIC 405443884,6073626576005897216,190.31864873932025,-54.91286292817669,-29.879848053316103,-12.246822000797412,1.6671109390009,0.015,0.003,0.003,association,7.394691910701861,0.022074027,2.6332722,2.2762722,0.357,1.1322786,False,14.451888,none,12411652-5454460,10.733,0.023,0.0033587870169919,0.0001732396385854,10.729641212983008,5.074241635229445,False,0.5908906693865995,0.014535763023410309,0.014616286442600601,46.301156529787455,0.03600581635424978,2.787594580794501
Feinstein2024,TIC 161468577,6074499794397016960,190.2835692764936,-53.936001637702894,-29.691744366906786,-12.117956467495604,3.38754346568809,0.015,0.003,0.003,association,7.367517015297163,0.024923252,2.7273035,2.3358035,0.3915,1.1632347,False,14.508789,none,12410811-5356093,10.643,0.019,0.0032798634568665,0.0001684393943114,10.639720136543135,4.976325874179167,False,0.6053393807630009,0.01470801834069535,0.014863759778470653,43.08826622258677,0.07861869976825263,2.4458434236895625
Feinstein2024,TIC 412129392,6074661594397232896,189.9346506969808,-54.07445858134679,-30.09281674506765,-11.90215172907442,1.33610130522778,0.015,0.003,0.003,association,7.422814781603088,0.029650005,2.8369017,2.8369017,,1.0759381,False,15.023384,none,12394437-5404277,11.151,0.021,0.0032464871916929,0.0001668723098353,11.147753512808308,5.500596632403672,False,0.5253491778255674,0.012573172042213088,0.01269680355138314,65.09226682508962,0.02052626787169722,4.7681352771804075
Feinstein2024,TIC 67318521,6075501415129209984,182.0284892507252,-56.482091268871045,-34.75427413506539,-10.140832856661415,0.486337743929839,0.015,0.003,0.003,association,8.965273964493509,0.021273082,2.9498672,2.4998671999999997,0.45,1.1806045,False,14.537745,none,12080691-5628553,10.569,0.025,0.0020481221899505,0.0001050633989509,10.56695187781005,5.329769705053323,False,0.5521564670030374,0.013419055589864781,0.013606306519729161,57.74434660538837,0.008422257286126373,4.010488684618389
Feinstein2024,TIC 260778617,6077824373954815744,189.0565215467974,-53.02585659533526,-38.75605968890012,-15.920901073412946,1.07911642864458,0.015,0.003,0.003,association,10.062591466542129,0.023122704,2.9073029,2.4485029,0.4588,1.1763467,False,14.294759,none,12361362-5301328,10.377,0.024,0.0028145226743044,0.000144345704048,10.374185477325696,5.387734682458234,False,0.5431603094361503,0.013184131947168831,0.013257916474772258,60.402068583720165,0.01786555417632548,4.294510230658682
Feinstein2024,TIC 164592809,6078570392593197696,191.899706156664,-50.84781332749118,-33.226169756013185,-16.104712992252523,6.94558574088883,0.015,0.003,0.003,association,8.60714974639379,0.01839047,2.5770817,2.2062817,0.3708,1.1767046,False,13.777535,none,12473599-5050518,10.054,0.019,0.0040890082244903,0.0002097035979479,10.04991099177551,4.724207786008238,False,0.6416897373864179,0.015514850913034395,0.01562185672716443,39.53631708967003,0.1756760935808955,2.077146949366333
Feinstein2024,TIC 160523545,6079191754098974848,189.56965538991784,-50.77474966479897,-30.31580284470816,-11.65517224828718,7.18578608915479,0.015,0.003,0.003,association,7.462899547184395,0.017845906,2.4438496,2.1305496,0.3133,1.1826342,False,13.871224,none,12381676-5046288,10.266,0.025,0.0033503705915856,0.0001718577651257,10.262649629408415,4.627187609051919,False,0.655600301799112,0.01599509172105773,0.0160926728796289,38.17705622420106,0.18822263421661103,1.9360540817518643
Feinstein2024,TIC 245339150,6080667951539303808,199.5960455010992,-50.95826401870843,-38.42138771192533,-22.452535274280137,1.75074704174989,0.015,0.003,0.003,association,10.182445941451927,0.023953509,3.016961,2.5686609999999996,0.4483,1.1513338,False,14.383956,none,13182311-5057293,10.409,0.021,0.0030810979476674,0.0001580271236606,10.405918902052333,5.4451794675383365,False,0.5341438526400786,0.012755416094404448,0.012903577259736121,63.065787534331086,0.027760646623128854,4.579172652363234
Feinstein2024,TIC 404181546,6081098582141139072,195.2841024114085,-51.707832830787375,-28.472040177137885,-14.752751049014282,2.45910336569823,0.015,0.003,0.003,association,7.416569094968443,0.025867146,2.7726307,2.7726307,,1.0975324,False,14.809424,none,13010822-5142279,11.004,0.021,0.0048487447283909,0.000248833260119,10.99915125527161,5.350166490755441,False,0.5489908232710288,0.01324921585926142,0.01338383949766131,58.67956821078751,0.04190731869165586,4.110432579586092
Feinstein2024,TIC 244862329,6081540826332813568,196.45200893768012,-49.99092755313585,-31.552002443086025,-16.17378529290818,2.04756443343816,0.015,0.003,0.003,association,8.536579804124827,0.02457094,2.8503113,2.4416113,0.4087,1.122943,False,14.642227,none,13054853-4959269,10.825,0.025,0.0031537696191021,0.0001618117871122,10.821846230380897,5.4782657537823685,False,0.5288551880007895,0.012750399689992697,0.013006756612538473,64.48748006986384,0.03175134818758446,4.724310149990132
Feinstein2024,TIC 244862324,6081540963771765376,196.40978208604776,-49.99313824737489,-31.506107650453423,-16.188792422372643,2.180244707216,0.015,0.003,0.003,association,8.55854385780562,0.024470126,2.8799667,2.4736667000000003,0.4063,1.1200905,False,14.767735,none,13053839-4959349,10.919,0.023,0.0031345681056242,0.0001608247821234,10.915865431894376,5.577864834535793,False,0.5129682133069596,0.012279136991064532,0.012428532293676242,67.22798320454947,0.032430613016938725,4.922897333663005
Feinstein2024,TIC 245066871,6081945068654385280,197.91244905337413,-49.41066321926349,-37.84045935890384,-20.969523681955017,1.29873624998946,0.015,0.003,0.003,association,9.917706234739343,0.023599839,3.0415602,2.5445602000000003,0.497,1.1648321,False,14.450204,none,13113905-4924380,10.44,0.023,0.0031660627284523,0.0001623685587711,10.436833937271548,5.418890138373307,False,0.5382194909472491,0.012997546046493835,0.013214357324861092,61.861727531584144,0.02099418011445569,4.450498928665422
Feinstein2024,TIC 245226393,6082096148423381376,198.9587173614418,-48.5734379289195,-28.22036257215619,-17.259457777870196,3.14971747829516,0.015,0.003,0.003,association,7.553021920305886,0.022156907,2.5855541,2.2423541,0.3432,1.0726185,False,14.316844,none,13155014-4834240,10.667,0.021,0.0035150802837646,0.0001804189130929,10.663484919716236,5.054088645237075,False,0.5938517058043293,0.014479826424493747,0.014688830133733233,45.42638177094956,0.06933674564214187,2.6941104310347446
Feinstein2024,TIC 245228473,6082109102044905216,199.17362788209795,-48.32383736749328,-34.28232768775205,-19.696660307964617,1.32297329286289,0.015,0.003,0.003,association,9.068233824547256,0.02703951,2.7342348,2.7342348,,1.2032467,True,14.232786,none,13164172-4819255,10.448,0.021,0.0031672658189498,0.0001624407398839,10.44483273418105,5.232446283624478,False,0.5671260317701583,0.01375454144201016,0.013905404759359863,53.32190947133038,0.024811063706827934,3.5378781398278596
Feinstein2024,TIC 419947008,6082389271351101696,202.71874561378357,-49.12486736188272,-26.207505214538823,-17.32169961704895,1.53410176970954,0.015,0.003,0.003,association,7.280799901784309,0.028763574,2.731432,2.3157319999999997,0.4157,1.2663246,True,14.519708,none,13305254-4907292,10.715,0.019,0.0034301622038369,0.0001763502064004,10.711569837796162,5.022465315300364,False,0.5985943020742353,0.01460042393453509,0.014696899087282889,44.025283330068774,0.03484592610586939,2.5443798916562863
Feinstein2024,TIC 438789953,6082613262484373504,201.88612961850384,-49.03953905988435,-37.7112388082732,-23.38672208503521,3.05622740121688,0.015,0.003,0.003,association,10.293444987792896,0.016418643,2.6552315,2.2957315,0.3595,1.2278724,True,13.444734,none,13273273-4902219,9.622,0.02,0.002768968169094,0.0001420011777023,9.619231031830905,4.682034770948434,False,0.6477097514842542,0.015664620401305673,0.015761103243199903,38.94807571211002,0.07846927852886493,2.016086806373993
Feinstein2024,TIC 438790188,6082617591804976512,201.77697988936495,-48.93838287640971,-38.04711844020378,-22.44726810682627,2.92239863050054,0.015,0.003,0.003,association,10.293551910762702,0.024395153,2.5826597,2.2737597,0.3089,1.4272752,True,13.504256,none,13270653-4856177,9.471,0.088,0.0028144786089685,0.0001443448268697,9.468185521391032,4.531011816520982,False,0.6692283841483169,0.02006106285247855,0.020634260325133824,36.84539789179304,0.07931516003933496,1.7978263893527866
Feinstein2024,TIC 401440453,6083278020342514560,200.6183666364621,-49.13625813341803,-31.881776349436898,-20.238179843527305,1.6073872288813,0.015,0.003,0.003,association,8.596286141178908,0.028599558,3.0147486,2.5279485999999998,0.4868,1.0737025,False,14.882945,none,13222845-4908101,10.916,0.024,0.0031550839359193,0.0001618705389928,10.912844916064081,5.584399232307904,False,0.5119034295947127,0.012273975851854246,0.012500276918772646,67.41165839491207,0.023844350771863202,4.936207130066092
Feinstein2024,TIC 438627800,6083709613047577344,201.86497823775855,-47.31890373169986,-39.6527682461652,-26.08867364144268,1.01338062436687,0.015,0.003,0.003,association,10.874929674929753,0.019522855,2.7370148,2.3387148,0.3983,1.1963661,False,13.336607,none,13272765-4719075,9.508,0.023,0.0026973951097036,0.0001383317760126,9.505302604890295,4.687434890775991,False,0.646921745378028,0.015646662765753883,0.01588822635160081,39.02507516591841,0.025967422741875485,2.0240794397371444
Feinstein2024,TIC 244863750,6084621829711973504,196.31071530417168,-49.31649838427072,-30.34725893965329,-16.693710493178582,1.1147654046875,0.015,0.003,0.003,association,8.098070340340522,0.042595755,3.2556086,2.6667085999999998,0.5889,1.060439,False,16.000807,none,13051461-4918591,11.821,0.023,0.0032015858153271,0.0001646203337609,11.817798414184672,6.359706137972399,False,0.385239426940781,0.009381638295591244,0.009476836518703624,129.72028084094333,0.008593609244913453,9.612462761632269
Feinstein2024,TIC 399030032,6085097093610966912,198.46796294496244,-48.30658461743627,-33.67745121465407,-19.65693711305806,1.43589100641295,0.015,0.003,0.003,association,8.839844945382277,0.026049076,2.7289658,2.3350658,0.3939,1.1620209,False,14.455065,none,13135237-4818232,10.672,0.023,0.0029415896168768,0.000150868785997,10.669058410383125,5.401281647238395,False,0.5410137881164592,0.01309657519569496,0.013182538301169111,61.036212310737504,0.023525231203777495,4.362278975180361
Feinstein2024,TIC 245008998,6085252056031182976,197.44003852815723,-48.28313364309031,-31.10110286694393,-17.964232922939562,2.70635213455044,0.015,0.003,0.003,association,8.491990853400706,0.022059936,2.778143,2.386043,0.3921,1.0953742,False,14.371251,none,13094565-4816590,10.535,0.019,0.002957389559722,0.0001517004290544,10.532042610440278,5.177090199050133,False,0.5755016708163327,0.013925720038302392,0.014019610272706706,50.8475063931177,0.05322487426673001,3.2734472499414946
Feinstein2024,TIC 170317177,6085652518780433664,194.7875133325991,-48.51251868054946,-29.221900933494656,-15.587368103153372,12.54372966373,0.015,0.003,0.003,association,7.870592618111242,0.024126234,2.4728165,2.1466165,0.3262,1.234812,True,13.948966,none,12590905-4830447,10.332,0.022,0.0036327620810514,0.0001863577975327,10.328367237918949,4.808404407392764,False,0.6296449018004396,0.015345542169636017,0.015500624241739147,40.7132695954999,0.308099295103444,2.1993159960241124
Feinstein2024,TIC 287671059,6086245121189346560,198.5200694743116,-46.42087278429523,-26.23738256856591,-16.531686335353502,1.22651744146616,0.015,0.003,0.003,association,7.228377926549853,0.03373273,2.8295832,2.4150832,0.4145,1.5718495,True,14.308283,none,13140484-4625149,10.409,0.024,0.0031838784972921,0.0001634094499288,10.405816121502708,4.701020376589396,False,0.6450424774282428,0.015769326417371388,0.015841430616113206,39.20870649129742,0.03128176242535295,2.0431405860849656
Feinstein2024,TIC 363773381,6087062882961607552,200.19491748667468,-46.06156432792998,-27.920245698814167,-17.99934059526784,2.29161852957081,0.015,0.003,0.003,association,7.565153174357963,0.033472124,2.8648205,2.4264205,0.4384,1.0598339,False,15.023022,none,13204682-4603413,11.127,0.021,0.0026232244711971,0.0001346836316703,11.124376775528804,5.518465404347284,False,0.522472116175769,0.012489716137850881,0.012658718408986247,65.58855995967986,0.034939302387178,4.804098547802887
Feinstein2024,TIC 243181433,6087419605766169856,203.08236340221328,-44.73525577435472,-27.693310952100223,-18.46432713539485,4.52703261106265,0.015,0.003,0.003,association,7.588174587240364,0.022649359,2.6657896,2.2860896,0.3797,1.1884843,False,14.195484,none,13321980-4444066,10.497,0.025,0.0030241736518931,0.0001551686243803,10.493975826348107,4.894662398819504,False,0.6171615210895932,0.015138514112892576,0.01541881008931123,41.933074224959746,0.10795851949171027,2.325933143234126
Feinstein2024,TIC 438614945,6087541548478148096,201.68917634227168,-44.99311910096854,-26.903389178768084,-18.4444021900133,3.9901611148757,0.015,0.003,0.003,association,7.525591287839711,0.020509463,2.7094955,2.3238955,0.3856,1.0290439,False,14.368335,none,13264545-4459348,10.577,0.023,0.0026863190374143,0.0001378446676408,10.574313680962586,4.957016822197364,False,0.6081346306215951,0.014894776679318267,0.015085477870240172,42.81513037926128,0.09319511769625366,2.4174916036952494
Feinstein2024,TIC 438639036,6087579000592625664,202.0714858195329,-44.58360230055226,-28.728692841901807,-19.584587972139488,1.31009609165544,0.015,0.003,0.003,association,7.921174465124607,0.031848256,3.0616798,2.5470797999999997,0.5146,1.0053596,False,15.237973,none,13281720-4435005,11.206,0.025,0.002871866853037,0.0001473847895639,11.203128133146963,5.697076027147206,False,0.49366606406715774,0.011861366293155928,0.012067081904219124,70.5576039484153,0.018567751997548725,5.164174199160528
Feinstein2024,TIC 438689941,6087622225143342976,202.4197097505401,-44.64386763192599,-27.974021461243105,-19.10064115733018,1.77718961550779,0.015,0.003,0.003,association,7.6296242284134115,0.02930158,2.9376497,2.9376497,,1.1535128,False,14.968843,none,13294077-4438375,11.041,0.019,0.0029734298778141,0.0001525217057721,11.038026570122186,5.45054231392983,False,0.5332413279559926,0.01267357640861233,0.012890168372316713,63.33241911242964,0.028061293732564815,4.6076666459608075
Feinstein2024,TIC 243511383,6108158422289782912,206.28244759449956,-45.431320120472535,-26.12987739177028,-19.58609341783544,1.31010245700555,0.015,0.003,0.003,association,7.484433542176003,0.032635976,2.8067617,2.4020617,0.4047,1.1810732,False,14.766923,none,13450783-4525524,10.951,0.021,0.0029112376781048,0.000149578573007,10.948088762321897,5.318883444490433,False,0.5537871475910967,0.013390034373693016,0.013608340022890464,57.262596968801724,0.022878851577746825,3.9590057689096616
Feinstein2024,TIC 243511200,6108164297805133184,206.2480246603509,-45.31056713180651,-27.421557435429893,-20.367767084918867,1.66712578710557,0.015,0.003,0.003,association,7.743494749726327,0.0250898,2.6586294,2.2959294000000003,0.3627,1.2305373,True,14.277391,none,13445956-4518376,10.546,0.019,0.0029139174866407,0.0001495704330921,10.543086082513359,4.987771123640355,False,0.6036302374413298,0.014612846519375777,0.014809201649638615,43.2552739414472,0.03854156118308917,2.46317902023794
Feinstein2024,TIC 243502815,6108229512590103424,206.13819751745308,-45.02478888541783,-25.144388459414778,-19.557072031405667,3.87528343424917,0.015,0.003,0.003,association,7.256048718685159,0.05135312,2.6155815,2.6155815,,0.9781683,False,14.319781,none,13443320-4501288,10.606,0.02,0.0032574723781785,0.0001675137411668,10.602742527621821,4.906243477667779,False,0.6155371116280945,0.015185779831606294,0.01530353110964,42.09180223519762,0.09206741523195261,2.3424092963436123
Feinstein2024,TIC 243304823,6111472590854708480,204.21784411796085,-44.03679950937372,-26.553500795958872,-19.11246698605973,3.30439199163673,0.015,0.003,0.003,association,7.476925291152244,0.022564664,2.7018013,2.2792013,0.4226,1.151029,False,14.372069,none,13365231-4402121,10.568,0.022,0.0033843888469976,0.000173650253153,10.564615611153002,4.93323081731376,False,0.6116264683903603,0.014948872468996233,0.015144157560909477,42.473927945856225,0.07779812584908592,2.3820743920406313
Feinstein2024,TIC 179367270,6117102949382766976,211.88017744685004,-39.53797899493527,-22.15604772422272,-19.897571605891716,2.63202864988508,0.016,0.002,0.002,association,6.922793551699352,0.027151324,2.6089172,2.2677172,0.3412,1.2323172,True,14.379794,none,14073127-3932164,10.676,0.023,0.0028039532556,0.0001441933067157,10.6731960467444,4.874602949135939,False,0.620070241494996,0.015194305244769724,0.015334752238919114,41.64885068820325,0.06319570903863103,2.2964304076936117
Feinstein2024,TIC 273310905,6125962401763825792,185.77952560719788,-50.51202356151186,-27.856451142154103,-9.865321567084962,0.898846400743345,0.015,0.003,0.003,association,7.450494465519343,0.040981643,3.0476608,2.4836608,0.564,1.0500253,False,15.72316,none,12230712-5030431,11.69,0.026,0.003049178768561,0.0001565746944329,11.686950821231438,6.047876303443008,False,0.4360574566960134,0.010685992020118329,0.010897081982217838,80.49508871993768,0.011166475061238256,5.884281791299832
Feinstein2024,TIC 21011493,6126844862925599232,186.3613054484501,-49.28898876722124,-32.235182775009804,-12.480974793805212,1.98708255661723,0.015,0.003,0.003,association,8.302843187125255,0.026930977,2.892376,2.465676,0.4267,1.1339983,False,14.679558,none,12252676-4917200,10.796,0.023,0.0030435471024881,0.0001561127448513,10.792956452897512,5.389090631066514,False,0.5429677152535781,0.013123448710839036,0.01325214450333645,60.45896640794293,0.032866631281942865,4.300590704137035
Feinstein2024,TIC 334791374,6126993159555441664,184.4485332669897,-49.26368975602643,-34.81046370737789,-12.733385004362423,0.858699243725619,0.015,0.003,0.003,association,8.896603417167324,0.03739472,3.1416893,3.1416893,,1.0184044,False,15.495416,none,12174770-4915490,11.439,0.023,0.0030512103113535,0.0001565017963998,11.435948789688647,6.1820699472199685,False,0.41405980285531885,0.009960077118240152,0.010083278853295463,98.6980282065348,0.00870026746561452,7.260720087005981
Feinstein2024,TIC 15523450,6127109913945947392,185.49649159768907,-48.71631938716975,-28.50247516815743,-10.92041121519501,0.898844783901374,0.015,0.003,0.003,association,7.096389328283727,0.03818486,3.0503492,3.0503492,,1.0895063,False,15.489697,none,12215920-4842585,11.474,0.019,0.003255272792032,0.0001677686852525,11.470744727207968,5.725931897802498,False,0.48897648618122636,0.01155305318893518,0.011749225753196257,71.36655613373846,0.012594761924856932,5.22279392273467
Feinstein2024,TIC 273392238,6127113865316332416,185.8417219017724,-48.78638392926251,-31.567389053497735,-12.33945084507707,2.60169146183762,0.015,0.003,0.003,association,8.091868236783005,0.024135958,2.7880182,2.3721181999999996,0.4159,1.1287334,False,14.591452,none,12232205-4847108,10.781,0.021,0.0029123853244582,0.0001493645493955,10.778087614675542,5.31833162647934,False,0.55392684817378,0.013403161618418924,0.0135341262903943,57.22132542523185,0.045467165300760386,3.954595221942088
Feinstein2024,TIC 21112004,6127521165654898176,186.71148448989945,-49.777115077017534,-37.49232814563895,-13.904271733009372,6.49246972238447,0.015,0.003,0.003,association,9.501220151495229,0.014230323,2.3632622,2.0837622,0.2795,1.0634162,False,13.225922,none,12265081-4946374,9.708,0.019,0.0031049883970217,0.0001592328055318,9.704895011602979,4.59379191753915,False,0.6603310741038229,0.015901401809578664,0.01597009392346549,37.714792187569316,0.17214650660396238,1.8880705340897972
Feinstein2024,TIC 260769622,6127629158312984064,189.21575373742675,-48.88576737291969,-35.395336317578945,-14.87500102245478,0.875460174132859,0.015,0.003,0.003,association,8.960278011469066,0.039264545,3.0200768,2.5271768,0.4929,1.1957514,False,15.086092,none,12365184-4853084,11.102,0.023,0.0030940137621195,0.0001587111904867,11.098905986237881,5.860513410091929,False,0.4669131223228591,0.011156209584765042,0.011365667157821668,75.17248639930682,0.01164601859093132,5.498585970964261
Feinstein2024,TIC 161156219,6127806110967004416,190.073538213524,-48.81312971453293,-33.778088405275454,-13.908049026438508,1.60737111071261,0.015,0.003,0.003,association,8.384230147539759,0.028760372,2.867589,2.867589,,1.1192254,False,14.785273,none,12401770-4848469,10.909,0.021,0.0035666647022532,0.0001829724686718,10.905433335297747,5.522749291341118,False,0.5217809613410573,0.012486946734551418,0.012587959594606235,65.70778416866762,0.024462415390337815,4.812737983236784
Feinstein2024,TIC 73182755,6129199845030851840,190.02350817020005,-46.56639515066892,-49.43835561155796,-22.288009127445857,0.880687456665364,0.01,0.003,0.003,association,12.313392916770008,0.03353901,3.3817558,3.3817558,,1.1333764,False,15.132388,none,12400571-4633586,10.903,0.021,0.0028221197059689,0.0001447258741553,10.90017788029403,6.352066569808258,False,0.38647746806686467,0.00921661133620244,0.009285207462358003,128.3876533728269,0.006859596180233329,9.511438605743843
Feinstein2024,TIC 258455309,6134976541682753664,196.44249386017896,-44.29370270988844,-29.84240948136925,-17.509760663776632,2.532365881998253,0.015,0.003,0.003,association,8.122917666244843,0.01657072,2.451251,2.1390510000000003,0.3122,1.0889367,False,13.650745,none,13054624-4417370,10.013,0.024,0.0036711908848108,0.0001882790470245,10.009328809115189,4.557889065391089,False,0.6655005475201037,0.01618069901742769,0.016380357050887695,37.20966078517844,0.06805667744778149,1.835637303724663
Feinstein2024,TIC 258382313,6139583907716775936,192.69875981433077,-42.53029709748174,-39.36085116883935,-19.842591648455684,0.4214487134302981,0.01,0.003,0.003,association,10.199144253618185,0.02765902,3.0591364,3.0591364,,1.0898008,False,14.731961,none,12504775-4231487,10.774,0.023,0.0036888351839969,0.0001891730330195,10.770311164816002,5.813129836604837,False,0.47470579942679175,0.01130168616681021,0.011429318054496429,73.82824959887843,0.005708502039803211,5.401177507165103
Feinstein2024,TIC 72499619,6145303429765430784,187.52388363927116,-44.075591874912845,-52.01059287601073,-21.72487419994676,1.59400375990337,0.01,0.003,0.003,association,12.816065515845825,0.02673126,3.1730566,3.1730566,,1.1198007,False,14.258533,none,12300581-4404317,10.13,0.021,0.0020019317224044,0.0001026647530196,10.127998068277597,5.666771662593886,False,0.4986243609465053,0.011764391247322037,0.01192437586620021,69.70229773672784,0.022868740510163275,5.102195488168684
Feinstein2024,TIC 72499657,6145304323118631680,187.5214088309137,-44.0434220355628,-52.178236707427246,-21.90176276663392,1.244645512018,0.01,0.003,0.003,association,12.791241359542065,0.018314542,2.909256,2.909256,,1.1041603,False,13.484412,none,12300521-4402359,9.574,0.021,0.0020049677627395,0.000102819359463,9.571995032237261,5.10655850108807,False,0.5861323973479367,0.014284425024106873,0.014385224391631368,47.70688604063814,0.026089431009137215,2.937820026586571
Feinstein2024,TIC 112176566,6170609308353405312,209.7093940038321,-33.25585525691637,-39.55693423390956,-30.73858333458201,1.22549544463952,0.016,0.002,0.002,association,11.390901759582777,0.025493182,3.0618038,2.5720038,0.4898,1.141647,False,14.425805,none,13585030-3315205,10.407,0.023,0.0038624023863356,0.0001980841591564,10.403137597613664,5.6859281292070385,False,0.4955493968092112,0.011798871995393367,0.011909111687727347,70.23272905041108,0.01744906486205162,5.1406325398848605
Feinstein2024,TIC 25966690,61867084050575104,51.93514702498601,22.71640283521926,26.943920209619748,-54.998147014996746,1.764016314588054,0.1274,0.008150000000000001,0.008150000000000001,association,9.193864288749868,0.015946666,1.9711857,1.7312857,0.2399,1.1239451,False,13.493336,none,03274439+2243001,10.354,0.018,0.0015536651299412,7.99661210368232e-05,10.352446334870057,5.169936778927557,False,0.5765879629574375,0.013917784512337161,0.014059507837944185,50.526584657717024,0.03491263711050441,3.2391514552009006
Feinstein2024,TIC 25966549,61917043110119552,52.006616040812,23.078283083304413,20.49744413345669,-43.10357181172239,0.758279759543324,0.1274,0.008150000000000001,0.008150000000000001,association,7.13170764519702,0.07873291,2.9746141,2.5328141,0.4418,1.1194807,False,16.565022,none,03280155+2304425,12.619,0.022,0.0104607961589142,0.001450677555318,12.608539203841085,6.874506861579135,False,0.3065141628791114,0.008117248555203571,0.008244999206314607,231.26820317239975,0.0032787895142596044,46.43386083412008
Feinstein2024,TIC 122083452,6200377211288653440,227.04700917453656,-36.455294107056574,-33.34757584775139,-34.206532187051614,1.06935712685693,0.016,0.002,0.002,association,10.236826119949534,0.04124199,3.0990858,3.0990858,,1.2156208,True,15.099948,none,15081132-3627184,11.038,0.019,0.0033797197568077,0.0001733511947622,11.034620280243193,6.085446912928054,False,0.4298885029271281,0.010101114527587551,0.010231063006294616,81.66001544923931,0.013095235421816117,5.969098161146346
Feinstein2024,TIC 460844584,6202965083703333504,219.8133797739553,-35.45337671063591,-34.280653349001966,-34.18582397670532,0.794610494509276,0.016,0.002,0.002,association,10.912392436513016,0.030023817,3.0195103,2.5406103,0.4789,1.2881864,True,14.5124235,none,14391525-3527116,10.583,0.025,0.0046910932986164,0.0002405870102668,10.578308906701384,5.767908786164552,False,0.482127065429078,0.011541234620449425,0.011745156023028613,72.54808121348405,0.01095288092004819,5.308411682136525
Feinstein2024,TIC 272248916,6207141200664109184,229.49273789339068,-33.57866921354107,-32.91694146690504,-41.35044214605862,1.24975082650852,0.016,0.002,0.002,association,12.402713677021127,0.09004333,2.827468,2.827468,,5.4981127,True,13.447623,none,15175830-3334426,9.557,0.024,0.0031555378176466,0.0001619072685866,9.553844462182354,5.021428051709885,False,0.598627819023333,0.01485285930346314,0.015131853576133447,44.0153814656782,0.028393502109780328,2.543321713691916
Feinstein2024,TIC 28911340,63004013433406208,49.98283501437915,24.00819401735064,26.32623783173402,-52.40667823020515,1.0140992219508014,0.1274,0.008150000000000001,0.008150000000000001,association,8.709820151919201,0.03176496,2.643918,2.3081180000000003,0.3358,1.0544474,False,15.184622,none,03195585+2400304,11.505,0.02,0.001830907736798,9.54777833745475e-05,11.503169092263203,6.203215029278857,False,0.41059042784178923,0.009699709156615,0.009821845540834317,102.43246347109809,0.009900174100927831,7.543821088109999
Feinstein2024,TIC 28998540,63034902838166272,50.46362869949692,24.280660042789783,23.16162812776207,-45.726984923951576,7.241987952203407,0.1274,0.008150000000000001,0.008150000000000001,association,7.667376060795668,0.02276202,2.192338,1.9446379999999999,0.2477,1.0779787,False,14.347416,none,03215124+2416513,11.016,0.021,0.0039537577855998,0.0002216523223931,11.0120462422144,5.435280065032128,False,0.5356547438538373,0.012790698788097465,0.012985449506408564,62.61942710146637,0.11565081776409002,4.531471658328853
Feinstein2024,TIC 265143793,6347713968430779648,297.7706329827664,-82.1702761964184,23.02420291457856,-13.8086657647535,0.1589557672086876,0.005,0.001,0.001,association,8.190855684978626,0.043987002,3.3241434,3.3241434,,0.9720456,False,16.450113,none,19510476-8210127,12.089,0.027,0.0012676630987144,6.503035574141864e-05,12.087732336901286,6.654378707640234,False,0.339014698872778,0.008629284298406703,0.00881203288225918,188.8509411336656,0.0008416996296363771,30.337970383256682
Feinstein2024,TIC 346699497,6347785471046590080,296.0796773502755,-81.78688191726404,18.997749981697744,-13.753343930532823,1.35199474756843,0.005,0.001,0.001,association,7.543797359621482,0.02332097,2.7213497,2.3605497,0.3608,1.009152,False,15.270056,none,19441891-8147126,11.581,0.023,0.0012892731866178,6.612370336103875e-05,11.579710726813381,5.967660796469691,False,0.44929839555426,0.010699477644564415,0.01083240722401918,78.21102676689016,0.017286497869387175,5.71877005557175
Feinstein2024,TIC 325469904,6350751231863421440,354.82659045073683,-81.6904043048266,27.45553357429819,12.653851135848422,2.5525487768055486,0.25,0.06,0.06,association,9.21198230443067,0.015711565,2.7292337,2.3374337,0.3918,1.1533164,False,14.298523,none,23391818-8141256,10.526,0.024,0.0012452250596771,6.385802834778495e-05,10.524754774940323,5.346520250159706,False,0.5495478775040967,0.013270844161248574,0.013498310639197153,58.514998474504004,0.043622128400426056,4.092845581656375
Feinstein2024,TIC 276877011,6360333338262148224,274.36381641811624,-81.64210537342056,11.412908504669142,-18.003396508712232,0.6162099453313792,0.005,0.001,0.001,association,6.865391937854462,0.029857814,3.0098763,2.5174763000000002,0.4924,1.1029346,False,15.523454,none,18172720-8138311,11.564,0.023,0.0011662273354406,6.000515648048299e-05,11.56283377266456,5.74616045109552,False,0.4856793096771439,0.011587772080796976,0.011720084219019433,71.9353190806927,0.008566166845526217,5.264008629035701
Feinstein2024,TIC 407826962,6365152703884977536,276.14493388647486,-78.01005849318877,13.091363815815928,-19.04233517651767,4.835153879862176,0.005,0.001,0.001,association,7.665959167990021,0.011659058,1.9272118,0.9576118,0.9696,1.0245934,False,13.288289,none,18243472-7800358,10.173,0.021,0.0010447195051781,5.3582698854566606e-05,10.171955280494823,4.594787788973884,False,0.6602721788470247,0.016047179995236194,0.016010675412545194,37.72054709551931,0.12818355650086866,1.8886679002658924
Feinstein2024,TIC 440692312,63690898963950592,57.35900221550865,21.28013396921661,23.68377259773636,-54.6664295372852,3.245000324120365,0.1274,0.008150000000000001,0.008150000000000001,association,8.963505505345724,0.017857922,1.9270115,1.2051115000000001,0.7219,1.01852,False,13.47118,none,03492612+2116495,10.359,0.017,0.001638427009653,8.453487996009894e-05,10.357361572990348,5.119751020793103,False,0.5842229275109121,0.014088215978387275,0.01415747905761977,48.27099798677625,0.06722463714152599,2.9981047171554893
Feinstein2024,TIC 440686901,64016904160440960,57.10351631333752,22.407062846260487,20.230965100976423,-47.225134748533975,3.34245825525056,0.1274,0.008150000000000001,0.008150000000000001,association,8.069427125789232,0.12728046,2.4448442,2.4448442,,5.962141,True,14.416559,none,03482481+2224262,10.859,0.017,0.0025138625188474,0.0003075925265476,10.856486137481152,5.390699656853734,False,0.5425890543935392,0.013907769338577847,0.014121035417379857,60.57083364488014,0.05518263583504579,4.312545568432548
Feinstein2024,TIC 440700464,64094037476647040,57.70410557714868,22.66984055724213,18.29780707062388,-44.92903716810198,1.0617624993031527,0.1274,0.008150000000000001,0.008150000000000001,association,7.386205225594046,0.03354169,2.4698553,2.0775552999999998,0.3923,1.2357466,True,14.9738245,none,03504895+2240122,11.272,0.02,0.0113183868074072,0.0007731080568908,11.260681613192594,5.60278846493177,False,0.5089506658338572,0.012074023436722037,0.01227675265800865,67.92101014365964,0.015632313139298432,4.973116677076786
Feinstein2024,TIC 440685559,64129019988396160,56.99912717589763,22.64155998752111,31.86643947465188,-48.57629703072481,1.3962085821155168,0.1274,0.008150000000000001,0.008150000000000001,association,12.816792033257997,0.04955311,3.2855387,3.2855387,,1.2351581,True,15.181017,none,03475974+2238305,11.002,0.018,0.0011221201220518,5.758030279995365e-05,11.00087787987795,6.539774567182443,False,0.356715117101721,0.008418192347673659,0.008503543208868869,165.7496827926164,0.008423597310062021,21.571838255372676
Feinstein2024,TIC 114086074,64331123967672448,55.63799159070933,21.704494346750018,20.53869806925626,-45.722884651284645,1.1224970549158115,0.1274,0.008150000000000001,0.008150000000000001,association,7.450155858497535,0.053203147,3.020321,2.401521,0.6188,1.0158869,False,16.246473,none,03423309+2142170,12.19,0.025,0.009050938322307,0.0036475479610158,12.180949061677692,6.541775853457684,False,0.3563697193716178,0.009073583228674686,0.009195260620241674,166.2004700051173,0.0067538741309290514,21.742896481206273
Feinstein2024,TIC 114084177,64449321467581056,55.50707154580541,22.39060459879524,21.50447046062442,-46.90881537959989,0.813495508745024,0.1274,0.008150000000000001,0.008150000000000001,association,7.5227639640978365,0.06459279,2.9702654,2.4615654,0.5087,1.0223658,False,16.414602,none,03420166+2223268,12.427,0.021,0.0061794762773235,0.00164689926047,12.420820523722677,6.802707701289968,False,0.3168893391131625,0.008024696796510189,0.008154689782407243,217.72730128993376,0.0037363045604544703,41.29555480420625
Feinstein2024,TIC 114059821,64642801154268672,55.355615544447744,22.548726260993725,21.13008397958636,-44.50126629460796,1.9413898659956308,0.1274,0.008150000000000001,0.008150000000000001,association,7.301884780583152,0.035308156,2.554926,2.189526,0.3654,1.0215476,False,15.303823,none,03412531+2232561,11.703,0.022,0.0138885137467511,0.0015047597575084,11.689111486253248,6.006286365043691,False,0.4429104778494853,0.010593744053872367,0.010719391335354544,79.3129425709638,0.024477592219688583,5.7986190268814335
Feinstein2024,TIC 114166663,64841503521468544,55.76757280534597,22.800769543491423,21.911937015344915,-43.99242939123414,0.3100600517106616,0.1274,0.008150000000000001,0.008150000000000001,association,7.642530346462955,0.15471333,2.2963095,1.9608094999999999,0.3355,8.485833,True,14.297123,none,03430418+2248035,10.785,0.016,0.0047941546133111,0.0022503502523554,10.78020584538669,5.1963917047359995,False,0.5724897205698016,0.0152274819158833,0.015411137132472774,51.73732255166432,0.005992966709884128,3.3685388220105486
Feinstein2024,TIC 440686627,64894829836313472,57.042465463770014,23.00096497860457,16.1138574744346,-38.17711206978512,6.615721787462732,0.1274,0.008150000000000001,0.008150000000000001,association,6.163170081737377,0.018946266,1.7705593,1.5164593,0.2541,1.079173,False,13.922133,none,03481017+2300041,11.004,0.018,0.0138372807771604,0.0007097146132086,10.99016271922284,4.939183483675983,False,0.61069759609418,0.014839487060576584,0.015032693562657351,42.564692038797276,0.15542745572862526,2.391495811044746
Feinstein2024,TIC 440691343,64944170420647296,57.39555500671489,23.454458188999016,20.770167835185354,-48.46166158266465,1.2842366712569324,0.1274,0.008150000000000001,0.008150000000000001,association,6.929722541761512,0.1739673,1.8905611,1.1941611,0.6964,12.56627,True,13.602488,none,03493491+2327169,10.383,0.021,0.0101358886756131,0.0013005501444845,10.372864111324386,4.576443342829151,False,0.6627232483341139,0.017698073703130257,0.01794423109149612,37.481042591352306,0.03426363255842925,1.863807052611131
Feinstein2024,TIC 440686398,64989490915460608,57.04583326091851,23.506811183809983,19.7071210125859,-44.53956232297974,7.596478220592487,0.1274,0.008150000000000001,0.008150000000000001,association,7.318953310037485,0.019202262,1.8174419,1.6153419,0.2021,1.0550884,False,13.712051,none,03481098+2330253,10.702,0.018,0.0080092224635521,0.0004684924557814,10.693990777536447,5.016235660849047,False,0.5995019604721966,0.014531754608461012,0.01470557300421338,43.75713510621391,0.173605474904908,2.5157238193777918
Feinstein2024,TIC 114030043,65098514364769408,55.21602761544148,23.230535528423577,20.825910225757177,-45.02650905828326,3.162943108335767,0.1274,0.008150000000000001,0.008150000000000001,association,7.287877913694783,0.049338832,2.9086323,2.4811322999999996,0.4275,0.9655239,False,16.232439,none,03405180+2313508,12.339,0.023,0.0134183182507058,0.0016896265344777,12.325581681749295,6.638587125440102,False,0.3414096279460595,0.008524233274349424,0.008667389237663414,185.7252593268991,0.01703022582818744,29.151881759714026
Feinstein2024,TIC 114060720,65131121756446592,55.47365462561668,23.457797252389764,21.75305457538712,-45.20610303839722,7.588094894609404,0.1274,0.008150000000000001,0.008150000000000001,association,7.48613184109967,0.029138157,1.8508358,1.1902358,0.6606,1.8494896,True,13.487999,none,03415366+2327288,10.298,0.016,0.0071272137334101,0.0008740631000175,10.29087278626659,4.662160143117379,False,0.6505570550428148,0.015627753388318677,0.01572489194492599,38.66985347867353,0.19622766087785276,1.9872070131371644
Feinstein2024,TIC 67787333,65181115176348544,56.06865698054384,23.61763077488844,22.5414303663053,-47.5949810700541,0.365106280064513,0.1274,0.008150000000000001,0.008150000000000001,association,7.450890340933603,0.03957465,2.9484844,2.4235843999999998,0.5249,1.036575,False,15.794596,none,03441644+2337043,11.852,0.017,0.0094970951449746,0.0012955818508378,11.842502904855026,6.203543763261633,False,0.4105400162953914,0.00963667468708923,0.009793337427113469,102.48672645964072,0.0035624738215079186,7.547934670296062
Feinstein2024,TIC 67829860,65214409762926720,56.454022199513645,23.852686378846503,21.187427183234853,-45.39186369950472,4.86063488752059,0.1274,0.008150000000000001,0.008150000000000001,association,7.4607736871596835,0.016927756,1.7800312,1.5221312,0.2579,0.9892889,False,13.566717,none,03454893+2351103,10.661,0.019,0.0071779625878202,0.000592413500646,10.65382203741218,5.017741369575415,False,0.5992478287217133,0.01450460253328023,0.014683758526405022,43.832212886213824,0.11089184340609379,2.523747121785907
Feinstein2024,TIC 125737022,65223583812996864,56.64813693412132,24.0263321331447,19.068631689164963,-45.64032963097333,6.290534275499466,0.1274,0.008150000000000001,0.008150000000000001,association,7.500367160250558,0.18094406,3.2613544,3.2613544,,1.9332057,True,17.106117,none,03463552+2401355,12.821,0.03,0.0060319078278218,0.003660106524115,12.814968092172178,7.190380710309258,False,0.26356745820647587,0.00952927876537879,0.009708479319525676,223.43911314105281,0.028153236857543257,44.682403977459764
Feinstein2024,TIC 125736987,65226401312036864,56.630027443508745,24.11714094376496,18.379558739104738,-45.25195585383639,4.983070475934339,0.1274,0.008150000000000001,0.008150000000000001,association,7.393074300074635,0.1385005,1.8473139,1.1576139,0.6897,7.650714,True,13.536427,none,03463117+2407025,10.461,0.017,0.0067644879638126,0.0040975190392657,10.454235512036188,4.798360866336552,False,0.6310000857747886,0.01627654200297135,0.01644418151376481,40.58084876143494,0.12279364843324526,2.185570558570001
Feinstein2024,TIC 348639179,65248151025861120,56.09618368466843,24.068094985032182,21.77457264714172,-47.34106561409916,0.3570343213052125,0.1274,0.008150000000000001,0.008150000000000001,association,7.442648971691504,0.03535474,1.7458124,0.9794124,0.7664,2.2517962,True,13.168843,none,03442306+2404058,10.166,0.021,0.0093503018072542,0.0011424072210821,10.156649698192746,4.515287379305258,False,0.6716264390370682,0.01628037435557017,0.016476586049520847,36.65398068202247,0.009740669762515744,1.7859339024073295
Feinstein2024,TIC 14109888,65330099002345216,59.02430756115034,22.439264785850384,20.36979273752468,-47.36402848117112,9.57527991794892,0.1274,0.008150000000000001,0.008150000000000001,association,7.750298936212662,0.01664551,1.5781078,1.3579078,0.2202,0.991129,False,12.854562,none,03560580+2226222,10.161,0.021,0.0079696450061506,0.0005566240922916,10.153030354993849,4.599622624843985,False,0.6595139417272142,0.015969395604714887,0.016084611660009962,37.79463769408365,0.253350223792404,1.8963585910525418
Feinstein2024,TIC 440731943,65641913628380288,58.48872630466153,23.34510508446438,20.241861013349848,-44.2704168471072,0.3019229584697748,0.1274,0.008150000000000001,0.008150000000000001,association,7.415902960434853,0.022449233,1.8428898,0.9257898,0.9171,1.4253517,True,13.549343,none,03535727+2320432,10.481,0.018,0.009454307142674,0.0005465373872988,10.471545692857326,4.8223658842842685,False,0.6276543533663443,0.015243386582690976,0.015376912550493116,40.90777461391721,0.007380576463014386,2.2195058444270788
Feinstein2024,TIC 440727302,65690498298435840,58.35353809174113,23.403957423598573,20.973390183488306,-46.79148690227105,0.5102497538931067,0.1274,0.008150000000000001,0.008150000000000001,association,7.539436764637113,0.04908818,2.3251457,2.3251457,,3.0856295,True,14.073176,none,03532482+2324151,10.601,0.017,0.0068590801000535,0.000512275592214,10.594140919899948,4.980835434960548,False,0.6046592918633726,0.014796940846776074,0.014859214822422695,43.15472062363616,0.01182372974542301,2.4527414682429343
Feinstein2024,TIC 346540567,66481734354737792,57.85568054293428,23.889171778893992,19.113518113426856,-46.862222868873786,7.282861986219454,0.1274,0.008150000000000001,0.008150000000000001,association,7.370803781679368,0.018221663,1.7394867,1.5612867000000001,0.1782,1.0155,False,13.465058,none,03512533+2353215,10.589,0.021,0.0058100551995049,0.0003243462447346,10.583189944800495,4.920764194756501,False,0.6133799940954621,0.014943076062801874,0.01515127294591967,42.30258343410056,0.17216116357443695,2.3642886313174563
Feinstein2024,TIC 346540571,66481837433947392,57.87484201908012,23.899035571281136,18.763216353022997,-45.89026741192703,0.8863283758547229,0.1274,0.008150000000000001,0.008150000000000001,association,7.49850135876853,0.024634525,1.5706215,1.2325214999999998,0.3381,1.2987894,True,13.02816,none,03512993+2353572,10.296,0.021,0.0049663955672158,0.0002678569810316,10.291033604432783,4.665905976956585,False,0.6500302360792658,0.01574865029047723,0.01583296289712366,38.72133121739746,0.02288992521663347,1.99255046262459
Feinstein2024,TIC 84337011,66497952151148544,58.01871116735472,24.24417935611303,19.02891889259654,-44.582926550567805,1.6245342018867,0.1274,0.008150000000000001,0.008150000000000001,association,7.514225040745198,0.07694303,2.9686623,2.9686623,,1.0511786,False,16.873875,none,03520447+2414399,12.945,0.03,0.0042239606614008,0.000396436363773,12.9407760393386,7.320197026572934,False,0.2474566643636713,0.0069908644639159745,0.0071025327505364055,216.21744980101568,0.007513427817143132,42.48126676868659
Feinstein2024,TIC 35205723,66536331978799616,57.73930403705872,24.10836898081129,19.00204493245024,-44.09657262139724,2.280416215817487,0.1274,0.008150000000000001,0.008150000000000001,association,7.283209392082528,0.03453801,2.5498629,2.2331629,0.3167,1.0341716,False,15.43928,none,03505741+2406310,11.831,0.018,0.006459750247813,0.0004983534494943,11.824540249752186,6.136154230196855,False,0.4215949578471806,0.009896126912429193,0.00998338514535868,90.58718737329481,0.025173716967503024,6.6458514396700625
Feinstein2024,TIC 35159560,66556535504957568,57.40227687241278,24.30373739744004,18.7101485350458,-45.75714788234882,5.964619993975836,0.1274,0.008150000000000001,0.008150000000000001,association,7.176475690564863,0.056926314,2.8010054,2.3984054,0.4026,1.0286475,False,16.240494,none,03493651+2418144,12.425,0.024,0.0084423860607303,0.0009337776238417,12.41655761393927,6.696113704295303,False,0.33272211090710047,0.008514627533313834,0.008629304120011727,197.0635550023705,0.030267494128501268,33.45437457325849
Feinstein2024,TIC 125755093,66710845088732160,56.94337881610533,24.050481718343995,20.17273269375809,-46.51394500518607,6.500648243557906,0.1274,0.008150000000000001,0.008150000000000001,association,7.555830848391911,0.02870886,2.309679,2.052679,0.257,1.0793425,False,14.752962,none,03474638+2403025,11.344,0.022,0.0048647069907109,0.0003733006312933,11.339135293009289,5.730546427272905,False,0.48824232984731464,0.011600508616810556,0.011760243663016423,71.49319810133824,0.09092680725155901,5.2319708769085675
Feinstein2024,TIC 346626051,66722355601033600,57.2390534091659,24.328640616351645,19.0087181520752,-45.44562280473812,1.7132497055956732,0.1274,0.008150000000000001,0.008150000000000001,association,7.401792152784153,0.039734587,2.5804596,2.2102596,0.3702,1.6424628,True,14.699243,none,03485734+2419438,11.05,0.019,0.0063506396144625,0.0009742959642482,11.043649360385539,5.3903337886566245,False,0.5427597954479588,0.013081163848539634,0.013173468425175416,60.52039185908875,0.02830863537011919,4.307155029428729
Feinstein2024,TIC 125754985,66730120901930240,56.91832612972476,24.3017365454314,19.474561447511093,-47.06906627807897,0.3066034209076498,0.1274,0.008150000000000001,0.008150000000000001,association,7.389580808289402,0.029747551,1.7036057,1.0593057,0.6443,1.7493252,True,13.26761,none,03474037+2418071,10.328,0.015,0.0074177054427407,0.0006854757308445,10.320582294557259,4.663681308039939,False,0.6503118506818993,0.015589728635983402,0.015730190031170932,38.69381344765441,0.007923835714007036,1.9896940859407355
Feinstein2024,TIC 125736921,66732457364153216,56.70128000176602,24.30167858240684,-6.869657710329215,-6.033651450167962,3.705603782608537,0.1274,0.008150000000000001,0.008150000000000001,association,4.218265855385362,0.034670394,1.7523489,1.5488489,0.2035,1.3343688,True,14.664261,none,03464831+2418060,11.719,0.02,0.0198968193505398,0.0010203984100766,11.699103180649459,4.824772918606062,False,0.6272547823615643,0.0154305077543343,0.015575870003161074,40.94681840924143,0.09049796605863293,2.2235586360469908
Feinstein2024,TIC 35155659,66816187748666624,56.99900829163413,24.73108641902402,20.43297629521534,-47.26646233291216,0.7369449497854786,0.1274,0.008150000000000001,0.008150000000000001,association,7.754313311875142,0.26008207,1.5783405,1.2390405,0.3393,14.870772,True,12.904102,none,03475973+2443528,10.159,0.018,0.0027126896971075,0.0011247925622393,10.156287310302893,4.604004033450902,False,0.6586460870973763,0.01881680652945883,0.019189442205058804,37.8794394893421,0.01945501199913025,1.9051611165837552
Feinstein2024,TIC 125754671,66823304512166528,56.908774047786046,24.89165534984492,21.06658388495469,-44.05532516247117,0.58203030680947,0.1274,0.008150000000000001,0.008150000000000001,association,7.395751435837692,0.07999321,1.8255548,1.4934547999999999,0.3321,6.221586,True,13.674303,none,03473806+2453306,10.602,0.02,0.0095603371100234,0.0016181623111105,10.592439662889976,4.937351195432388,False,0.6110027896022094,0.015183765862392229,0.015439601150831539,42.53487027315553,0.013683603666161856,2.3884002768918755
Feinstein2024,TIC 125736623,66837495084120320,56.66783020915378,24.930864388149654,22.21019170396207,-45.20494407379466,5.216291111764267,0.1274,0.008150000000000001,0.008150000000000001,association,7.255883536269022,0.091154054,1.8325653,1.3262653,0.5063,5.5730724,True,13.436048,none,03464026+2455517,10.338,0.017,0.0117116194075272,0.001895670057223,10.326288380592471,4.629739896965106,False,0.6551477048776946,0.016178483619369133,0.016343298164275488,38.22128140909385,0.13647609183828083,1.9406447076690982
Feinstein2024,TIC 84331442,66852647730267264,57.77331327973776,24.7365778100684,19.98616428855798,-45.29769641617262,0.262241272556196,0.1274,0.008150000000000001,0.008150000000000001,association,7.243738617452612,0.017676247,1.6780605,1.0413605,0.6367,1.1109239,False,13.310761,none,03510557+2444124,10.446,0.02,0.007141564820766,0.0004004695541405,10.438858435179235,4.738672289547509,False,0.6396368467874988,0.015497287787009095,0.015657945225600933,39.73691382819298,0.006599437331495487,2.097969125441084
Feinstein2024,TIC 35205052,66878245735176704,57.62492811642301,25.05172731020767,18.71670636605301,-44.11610857624101,7.586435245161052,0.1274,0.008150000000000001,0.008150000000000001,association,6.936834522963423,0.039600275,2.559164,2.176464,0.3827,1.0809911,False,15.398036,none,03502995+2503071,11.762,0.022,0.0114290488824631,0.0006207322157057,11.750570951117538,5.956377624118996,False,0.4511654478714502,0.010830089261022469,0.010928149954008204,77.88896024217485,0.0974006485845114,5.695431901606873
Feinstein2024,TIC 113982102,68120728231661824,54.87176771377244,23.499172809593556,21.952550134686536,-45.244621881741246,2.708164126640746,0.1274,0.008150000000000001,0.008150000000000001,association,7.4248451511728,0.016301263,1.8324871,1.6285871,0.2039,1.0745244,False,13.659394,none,03392919+2329578,10.689,0.016,0.0075417134458454,0.0005419122148334,10.681458286554154,5.0348952898388255,False,0.5967404586037778,0.01437574296129418,0.014544977982915097,44.57296165819822,0.06075800274184021,2.6029083783664437
Feinstein2024,TIC 302545922,68297921403225984,55.862444674942175,24.45257885141954,21.04182457138141,-49.68968016710679,2.185054206979371,0.1274,0.008150000000000001,0.008150000000000001,association,8.186511781004615,0.35595277,2.7507992,2.7507992,,3.2360976,True,15.506282,none,03432696+2427098,11.471,0.026,0.002457749625437,0.0007440723160571,11.468542250374563,6.034036706085658,False,0.43813517185199874,0.01888657406318056,0.01873302149517425,80.13668285553022,0.027266591642164294,5.858310351850015
Feinstein2024,TIC 302545798,68317746971945600,55.790706645435954,24.69231396560201,23.19264487837735,-48.13535947272742,2.0314624309911284,0.1274,0.008150000000000001,0.008150000000000001,association,7.679550128235233,0.069790594,2.6329975,2.2701975,0.3628,2.3706741,True,15.114011,none,03430974+2441329,11.421,0.023,0.004832062197326,0.0011140936692282,11.416167937802673,5.842846835780854,False,0.46984460184607024,0.011632857767847449,0.011741435337792983,74.66680618155289,0.027207035292920026,5.461942476924122
Feinstein2024,TIC 346592043,68356367317952256,55.166905206554425,24.73568048752452,21.05417557378297,-47.18961144353148,1.8680889330064123,0.1274,0.008150000000000001,0.008150000000000001,association,7.546891212349643,0.04470205,2.6466904,2.2999904000000004,0.3467,1.0915166,False,15.603813,none,03404003+2444091,11.934,0.037,0.0055729085986485,0.0004585313146756,11.928427091401351,6.317267540035456,False,0.3920226962728257,0.010612337898888435,0.010794426052061712,122.41876973193042,0.015259824429677793,9.058947984137422
Feinstein2024,TIC 258066811,68378563708730624,55.61946862852414,25.016595598106125,20.52420211977235,-46.80795882578826,1.3851799528287936,0.1274,0.008150000000000001,0.008150000000000001,association,7.45337654581492,0.047156304,2.5299559,2.2155559,0.3144,1.1158209,False,15.265487,none,03422864+2501004,11.672,0.023,0.0077683846617455,0.0008718805125941,11.664231615338256,6.025996927405723,False,0.43968381492790914,0.0106561450047859,0.010770627339937,79.86954192493567,0.017343031141090513,5.838952313401135
Feinstein2024,TIC 46615389,68475767408245632,53.77120790206573,24.51201326258057,19.28475874837325,-41.0327707603365,5.38232738519575,0.1274,0.008150000000000001,0.008150000000000001,association,6.695409619460282,0.027370289,2.091673,1.8012730000000001,0.2904,1.048287,False,14.442084,none,03350505+2430438,11.106,0.02,0.0145885545244886,0.0007552778564782,11.091411445475511,5.220297205112905,False,0.5689978843473605,0.013826935402510676,0.013946826045892036,52.768910738522635,0.10199807632691034,3.4787810798904744
Feinstein2024,TIC 46620722,68475904847290240,53.79354808310715,24.531663645306,20.70616102061893,-42.98802598703556,3.663515206254257,0.1274,0.008150000000000001,0.008150000000000001,association,7.172670900160543,0.08482127,3.001933,2.5695330000000003,0.4324,1.0128381,False,16.66706,none,03351042+2431549,12.658,0.024,0.0110518949797292,0.0010505731103211,12.64694810502027,6.925352628970826,False,0.2992444000925113,0.008164498847554935,0.008322930958572283,239.4313023414682,0.015300903308914409,49.556766162639356
Feinstein2024,TIC 46628484,68530124514310912,53.9570648191768,25.07989856329464,21.31898908871832,-43.71251564628141,1.7675726268120933,0.1274,0.008150000000000001,0.008150000000000001,association,7.266821587959447,0.038257394,2.5126944,2.1787944,0.3339,1.1349444,False,15.321436,none,03354967+2504484,11.691,0.023,0.0080376496353155,0.0005282878223427,11.682962350364685,5.98968483888026,False,0.4456781723280313,0.010709650325988807,0.010871994077002345,78.8355152734146,0.022421019519969637,5.764022845899609
Feinstein2024,TIC 353927958,68607090328759040,55.0961363078789,25.496403168239663,21.03968683746736,-45.87470596943604,0.9262420839831854,0.1274,0.008150000000000001,0.008150000000000001,association,7.622060732948219,0.09809559,2.967369,2.441469,0.5259,2.497268,True,15.619633,none,03402304+2529478,11.664,0.021,0.00507456378427,0.0010178569439523,11.65892543621573,6.069287460862494,False,0.4324905125923508,0.011094234565147243,0.01125756940356809,81.1103865778195,0.01141952495929142,5.928868592595615
Feinstein2024,TIC 302540611,68618978798306432,54.70292014365956,25.188576550930847,18.916238255631303,-45.4444030064804,0.4395180034433045,0.1274,0.008150000000000001,0.008150000000000001,association,7.280129670669819,0.024546647,1.9789305,0.7923304999999998,1.1866,1.612552,True,13.392295,none,03384867+2511196,10.231,0.023,0.0087310457858419,0.0004616973348516,10.222268954214158,4.532964528495576,False,0.6690863576649405,0.016295437411616764,0.016420510826463453,36.85927590816868,0.011924216974265071,1.7992669436841753
Feinstein2024,TIC 29107362,68979034496030848,51.14559562594421,24.151188018456587,21.352930424523915,-42.46633831682279,0.575026306376537,0.1274,0.008150000000000001,0.008150000000000001,association,6.955708697933242,0.046262402,2.7717314,2.3160314,0.4557,0.94126403,False,15.916973,none,03243491+2409049,12.136,0.021,0.0133205236053818,0.0011523483215981,12.122679476394618,6.3343864046284715,False,0.3892846664946873,0.00946544315064618,0.009619727135324885,125.36598498511862,0.004586780907474979,9.282371214033516
Feinstein2024,TIC 405431212,69122520763444352,51.97616993558862,24.93627369748486,22.586067587067607,-45.39416484539979,0.891216486207327,0.1274,0.008150000000000001,0.008150000000000001,association,7.660715763550424,0.040612463,2.7832394,2.3977394,0.3855,1.0089101,False,15.786348,none,03275425+2456113,11.981,0.018,0.0039576715144851,0.0002909321630964,11.977042328485515,6.398389073279034,False,0.379022640611357,0.009006169173333689,0.00906011835259396,136.63557617210273,0.0065225800715676945,10.52403723722545
Feinstein2024,TIC 46533685,69349535555140608,53.40848358991376,25.337877246231624,23.295656015446795,-49.93317134756182,2.514433859524551,0.1274,0.008150000000000001,0.008150000000000001,association,8.103662380748935,0.032215476,2.696374,2.306874,0.3895,1.234015,True,14.885939,none,03333800+2520173,11.157,0.018,0.0026940051793415,0.0001503543107279,11.154305994820659,5.697712689385279,False,0.4936318000239739,0.011586519030537534,0.011727300161194387,70.56351449586451,0.0356336256419302,5.164602499700327
Feinstein2024,TIC 46628798,69409424578948608,53.95961574332576,25.705589938566387,21.81493534990031,-46.01428877911761,1.96178237710375,0.1274,0.008150000000000001,0.008150000000000001,association,7.363656223642926,0.04973439,2.8108625,2.4093625,0.4015,1.0260402,False,15.8458605,none,03355027+2542209,11.99,0.022,0.0073085806533812,0.0007630273216445,11.982691419346619,6.318158944484294,False,0.39193296721814036,0.009628796002039641,0.009718041828187418,122.51535408639373,0.016012543013346446,9.066269874999746
Feinstein2024,TIC 302541052,69436328253987328,54.66871715381682,26.095941001516344,16.204439075538097,-35.368052564205776,6.214162727495004,0.1274,0.008150000000000001,0.008150000000000001,association,5.719377622377294,0.016592573,1.4718628,1.3947628,0.0771,1.0320688,False,13.360343,none,03384047+2605460,10.768,0.021,0.0128411059969009,0.0006585280647347,10.7551588940031,4.541902753113931,False,0.6677892799139453,0.016159563626133133,0.016312372497256478,36.98601893412307,0.16801383080896704,1.8124230180156977
Feinstein2024,TIC 46678345,69498725538868352,54.38397167008665,26.20363403536074,18.056898422838483,-39.17633679435553,6.19490818981508,0.1274,0.008150000000000001,0.008150000000000001,association,6.333807561798008,0.019594613,1.7069998,1.4891998,0.2178,1.1618,False,13.689861,none,03373212+2612137,10.892,0.017,0.0115708028547185,0.0005938751495936,10.880429197145281,4.88875351812295,False,0.6180579818611422,0.014955899962944552,0.01515565074006564,41.84547720099696,0.1480424792399664,2.3168404696941285
Feinstein2024,TIC 46616245,69704643451409792,53.69813615825178,26.37028051116934,20.758934856325293,-45.31068495132085,1.3347010822974288,0.1274,0.008150000000000001,0.008150000000000001,association,7.378745244155373,0.064955086,2.9518929,2.5438929,0.408,1.0230062,False,16.654419,none,03344752+2622138,12.733,0.027,0.0060707254843026,0.000434519432385,12.726929274515697,7.066841856076831,False,0.2798052125076205,0.007507605558452257,0.007622357257151047,230.7176865065409,0.00578499681800333,46.90088715885365
Feinstein2024,TIC 46619788,69707907626540928,53.832130282791454,26.552864180213096,17.876332982787748,-38.29383782232079,0.862012802223375,0.1274,0.008150000000000001,0.008150000000000001,association,6.3393513311283165,0.0703427,2.8861637,2.4705637,0.4156,0.96799195,False,16.477827,none,03351969+2633110,12.597,0.02,0.0112764617931749,0.0006053035215941,12.585723538206825,6.5959476448677705,False,0.34797169538380424,0.00897405494503245,0.00915510945646214,177.1609410622125,0.004865704579434737,25.90201786117095
Feinstein2024,TIC 385508854,69834759483788928,56.306465913388266,25.08756084913728,20.585544507614465,-46.24529324895428,0.5274258358171794,0.1274,0.008150000000000001,0.008150000000000001,association,7.505058121310262,0.01632549,1.4643488,1.1290488,0.3353,1.0887399,False,12.777334,none,03451352+2505159,10.22,0.018,0.0069720242677025,0.0004063259641042,10.213027975732299,4.589798275195426,False,0.6608933250100142,0.015812788159990432,0.016048609424272886,37.65985224187862,0.014004989515882109,1.8823677034698565
Feinstein2024,TIC 385558563,69859262274067584,56.488752041634456,25.18671522375928,20.310408127342875,-46.486362488187424,0.827962616322994,0.1274,0.008150000000000001,0.008150000000000001,association,6.994303778369079,0.07768422,2.7637424,2.3386424,0.4251,2.523059,True,15.265581,none,03455726+2511129,11.448,0.02,0.0154108376360563,0.0010956264406581,11.432589162363945,5.65631161621662,False,0.5003000487451772,0.012345589301872961,0.012537381866532304,69.41324159145694,0.011928021186448895,5.081249390685285
Feinstein2024,TIC 385552820,69863454162150656,56.32088462821245,25.26308312257617,19.925733136652973,-43.96283417147319,0.507209644818227,0.1274,0.008150000000000001,0.008150000000000001,association,7.324419380236703,0.03601355,2.6992493,2.2594493,0.4398,1.1241428,False,14.92041,none,03451698+2515478,11.179,0.02,0.0108959723902919,0.0007240130042134,11.168104027609708,5.491970043079281,False,0.5266900523027855,0.012567732752337246,0.012729324638994233,64.86096597776951,0.007819952064729784,4.751374346215181
Feinstein2024,TIC 405483442,69877163697813248,55.94994861466845,25.05300565392932,20.977326174300583,-46.051783609112135,5.141379940107343,0.1274,0.008150000000000001,0.008150000000000001,association,7.482215142708712,0.019924905,1.9273453,1.6504453000000001,0.2769,1.1381932,False,13.9155445,none,03434796+2503115,10.832,0.018,0.0081528757596373,0.000616058245099,10.823847124240363,5.193998082703853,False,0.5729554384317015,0.013813928905866413,0.01401692679355293,51.59973618903447,0.0996396555453697,3.3538354437991384
Feinstein2024,TIC 302545441,69904410970171392,55.90555622605947,25.40878618559989,21.29849114188225,-47.28289469076985,3.971962296077603,0.1274,0.008150000000000001,0.008150000000000001,association,7.638439452106811,0.034379467,2.5985422,2.2710421999999997,0.3275,0.9856743,False,15.347046,none,03433731+2524323,11.659,0.023,0.0051354460956152,0.0005377979389628,11.653864553904386,6.0688877560985635,False,0.43262136879950164,0.010418995214636073,0.010509251302836864,81.08781388208597,0.04898346750170674,5.92723289000623
Feinstein2024,TIC 302545442,69904617128601984,55.89680277271759,25.40846050448473,20.19817904330972,-47.36809058359031,4.035767045827053,0.1274,0.008150000000000001,0.008150000000000001,association,7.602327314027255,0.03953252,2.6645193,2.3218192999999996,0.3427,1.0605189,False,15.61384,none,03433521+2524312,11.952,0.025,0.0054649715286913,0.0005403757483693,11.946535028471308,6.3512678483714105,False,0.38655369609284423,0.009546870432146137,0.009681869877573912,128.3056015256625,0.031454332451883296,9.50521839882391
Feinstein2024,TIC 346625140,69983369649631872,57.30272250751295,25.701870446427428,18.700357787215395,-45.534717517686616,9.139916639898937,0.1274,0.008150000000000001,0.008150000000000001,association,7.316276018466569,0.04719304,2.91811,2.37641,0.5417,1.0931144,False,15.634993,none,03491264+2542075,11.698,0.025,0.0086347776748545,0.001210110958839,11.689365222325145,6.010815630236937,False,0.44214818153643676,0.010836407336994258,0.010996436683309074,79.44443868496467,0.11504791010158802,5.80814773079454
Feinstein2024,TIC 258135305,70097581419826944,55.68259731255876,25.53492479218305,20.132943253920264,-45.387221011575406,2.7722657629512955,0.1274,0.008150000000000001,0.008150000000000001,association,7.281823665960581,0.038002826,2.634223,2.276823,0.3574,1.0474272,False,15.527512,none,03424379+2532064,11.818,0.021,0.0101053421244698,0.0007508436199299,11.80789465787553,6.119095447902017,False,0.424368037573692,0.010141595763414502,0.010271880263294286,87.60224435567793,0.03164605865228168,6.419568133986731
Feinstein2024,TIC 302545345,70098612211973248,55.78162924002444,25.57459869043617,20.44428488081952,-45.94911671972156,0.9903564214197552,0.1274,0.008150000000000001,0.008150000000000001,association,7.407633218727595,0.057617493,2.8966007,2.5340007,0.3626,0.92638355,False,16.097664,none,03430756+2534292,12.19,0.023,0.0082485070441659,0.0009603928597012,12.181751492955833,6.530148845783799,False,0.3581658193318427,0.009004796618595212,0.009135874896005647,163.85633504452878,0.006044053293091298,20.85337797590489
Feinstein2024,TIC 258066489,70114039734416128,55.52034957514179,25.66308487679759,19.61186381623379,-44.44273913200854,0.3633568788030995,0.1274,0.008150000000000001,0.008150000000000001,association,7.183251797456246,0.040552836,2.562068,2.562068,,1.708634,True,14.559706,none,03420486+2539478,10.897,0.023,0.0113907283506552,0.0007633101037795,10.885609271649345,5.167214722658359,False,0.5769683041242589,0.01416180928553279,0.01434852523778496,50.41422101014751,0.007207428212169778,3.2271435412198253
Feinstein2024,TIC 302545091,70153484713977472,55.82948712890788,26.078747132934307,20.089343981375062,-45.585505053169854,0.987051003478878,0.1274,0.008150000000000001,0.008150000000000001,association,7.333114923095777,0.06654145,2.9240837,2.4809837000000003,0.4431,1.1012641,False,16.255726,none,03431905+2604441,12.31,0.023,0.0082092750763653,0.0009772106407739,12.301790724923634,6.628233181045314,False,0.34303209771855403,0.008824142560751924,0.008955683959987915,183.6077334650722,0.005375868351790559,28.348353604886114
Feinstein2024,TIC 346593421,70160287942261376,55.29287492170479,25.76541903413525,21.563527220546952,-47.149997250522,1.019346227102178,0.1274,0.008150000000000001,0.008150000000000001,association,7.797466246499463,0.048503,2.8925896,2.5044896,0.3881,1.0487144,False,16.040766,none,03411026+2545562,12.166,0.023,0.0037717833889322,0.0003035519501505,12.162228216611068,6.6219957339552735,False,0.3439743943265366,0.008541445935104308,0.008696405674712915,182.37791860457895,0.005589197611758386,27.881681209782748
Feinstein2024,TIC 46537374,71304810826584704,53.63623311538272,27.287825460272096,13.611520582077974,-35.76653755928379,8.826467937614433,0.1274,0.008150000000000001,0.008150000000000001,association,5.584343186724942,0.016770061,1.5319805,1.3727805,0.1592,0.976304,False,13.475383,none,03343268+2717168,10.842,0.018,0.0134912579500812,0.0006918756895015,10.82850874204992,4.563369242418643,False,0.6647393568121546,0.015975786839298234,0.01613273223418077,37.28403999149805,0.23673582421934827,1.8433579523338612
Feinstein2024,TIC 353929099,71409985986006016,55.06948247876081,27.922631045395285,20.470849451341355,-45.462798240630434,1.232934788521891,0.1274,0.008150000000000001,0.008150000000000001,association,7.450867275462981,0.04135996,2.644207,2.304507,0.3397,0.99745065,False,15.456091,none,03401664+2755222,11.754,0.023,0.0050208545391136,0.0002888157356909,11.748979145460886,6.110013281702987,False,0.42589352250198076,0.010356011894466388,0.010437496678260716,85.96021237886791,0.014343086811928241,6.29508856383837
Feinstein2024,TIC 346541690,71422522993688448,55.20064926061672,28.18301215780765,20.547180564750352,-58.29762323062858,0.8871651381266202,0.1274,0.008150000000000001,0.008150000000000001,association,9.392427073700087,0.054026607,1.6603975,1.1599975,0.5004,2.9592187,True,12.599639,none,03404812+2810596,9.722,0.019,0.0016928062695878,8.80276880672198e-05,9.720307193730411,4.584196352352908,False,0.6617260122365902,0.016002050930784772,0.016168785892630044,37.57848680431033,0.023608325229978674,1.8739218758860137
Feinstein2024,TIC 46677421,71452282823829632,54.44623904090004,28.06581746261885,19.618411901195262,-44.53262657421513,6.9210339488623855,0.1274,0.008150000000000001,0.008150000000000001,association,7.1608171019248354,0.016949562,1.4976788,1.3669788,0.1307,0.8922417,False,12.913839,none,03374707+2803578,10.354,0.017,0.0068754091638418,0.0003762477366,10.347124590836158,4.6219374974942244,False,0.656336995164021,0.0157472150974447,0.01578130116812937,38.10507075825853,0.1816302610424201,1.9285819061935014
Feinstein2024,TIC 346541383,71873842454589568,55.23361984768233,28.727395631145097,19.555723117058392,-42.61715991408225,7.124107939879733,0.1274,0.008150000000000001,0.008150000000000001,association,6.949359923661927,0.024007034,2.0599356,1.8090356,0.2509,0.96126777,False,14.348489,none,03405604+2843393,11.127,0.021,0.0101513076881826,0.0006757727210839,11.116848692311818,5.326572719274555,False,0.5526335632004649,0.013328410911923383,0.013507524101138202,57.60339875734839,0.12367513191174193,3.9954260760996094
Feinstein2024,TIC 405492429,71967816338491648,56.75735518623304,29.37179584557075,21.257721435416837,-23.780984835020817,1.340788787169831,0.079,0.0019,0.0019,association,5.769582057296734,0.07725298,3.0094824,2.4240824,0.5854,1.1664191,False,16.206268,none,03470173+2922188,12.19,0.024,0.0358746362150963,0.0018410307592423,12.154125363784903,5.959847135990051,False,0.45057232909001577,0.011744898240113266,0.011874168072330271,77.99127323197229,0.017191523251349854,5.702845886374803
Feinstein2024,TIC 188393223,913409840142913280,129.78246793441176,41.43973867817178,-24.43390299412796,-33.19934622143223,4.98048892613604,0.126,0.025,0.025,association,6.753241096635281,0.01417807,1.3481655,1.3048655,0.0433,1.0164856,False,12.671271,none,08390782+4126235,10.365,0.017,0.001884537358089,9.664451888939702e-05,10.363115462641911,4.510676736097867,False,0.6722761914451506,0.01615769719003679,0.01643058844632117,36.6076316769126,0.13605056372103674,1.7843095213871236
Feinstein2024,TIC 445018388,989334210417772288,112.93491874728367,57.36292198545733,-3.880024479158269,-32.1085427190188,2.94480294109734,0.126,0.025,0.025,association,5.115409217157274,0.030908782,2.1990252,1.9442252,0.2548,0.95977956,False,15.282223,none,07314438+5721471,11.948,0.023,0.0026108691321122,0.0001419201212962,11.945389130867888,5.489791039236403,False,0.5270070617303388,0.01281632618947226,0.012928958710988092,64.80628185151656,0.04544008477209725,4.747411728370764
Feinstein2024,TIC 51170683,989712476778038272,109.87939026957064,56.58129718610038,-3.3098941513909184,-32.67927021073505,0.561487301390696,0.126,0.025,0.025,association,4.975290885976702,0.042974256,2.1463861,1.9038861,0.2425,2.5109525,True,14.4196205,none,07193105+5634531,11.148,0.016,0.002680292299233,0.0001531304706977,11.145319707700766,4.629412094397381,False,0.655231196833947,0.015882087037914938,0.016043228656867914,38.213123052225754,0.014693572692902203,1.9397978606842519
